pages_viewed,time_spent_sec,previous_visits,products_viewed,added_to_cart,device_type,previous_purchases,purchase
6,70.9,1,1,0,tablet,2,1
5,56.2,2,2,0,desktop,2,0
5,207.1,1,1,0,desktop,2,0
6,71.2,2,6,0,desktop,1,1
6,19.5,1,3,1,mobile,1,0
4,135.8,2,2,1,tablet,2,1
6,74.5,1,7,1,mobile,1,1
5,273.6,0,1,0,desktop,0,0
7,152.0,4,2,0,mobile,1,0
8,264.6,2,6,0,desktop,2,1
3,173.2,3,2,0,mobile,2,1
6,210.9,0,2,1,mobile,1,1
6,130.5,3,1,0,tablet,3,0
7,181.2,3,2,0,desktop,0,0
5,49.8,1,3,0,mobile,0,0
7,172.6,1,5,0,desktop,2,0
7,30.0,2,2,0,mobile,0,0
2,94.9,3,4,0,mobile,3,0
8,62.2,0,2,0,desktop,0,0
3,120.1,2,4,0,tablet,2,0
12,69.7,1,2,1,desktop,0,1
5,31.1,1,5,0,mobile,1,0
4,28.4,0,6,0,desktop,3,0
9,33.7,2,1,0,mobile,0,0
4,122.4,2,3,0,mobile,0,0
4,125.8,4,4,0,desktop,0,0
6,69.5,1,3,0,mobile,0,0
9,139.1,2,5,0,mobile,0,0
4,87.8,1,6,0,mobile,0,0
3,132.0,1,5,0,tablet,2,0
6,99.4,1,4,0,desktop,0,0
4,177.2,0,4,0,mobile,1,0
9,49.0,3,3,1,mobile,0,0
11,16.0,1,2,0,mobile,1,0
4,88.5,2,2,0,mobile,2,0
3,107.3,2,5,0,tablet,1,0
6,39.9,1,5,0,desktop,1,0
8,46.3,2,3,1,tablet,1,0
7,149.1,4,1,1,mobile,0,1
7,151.9,1,4,0,desktop,0,0
3,85.5,0,6,0,mobile,1,0
5,22.1,2,4,1,mobile,0,0
10,145.1,2,4,0,desktop,2,0
8,106.4,2,2,0,mobile,0,0
12,63.2,1,5,0,mobile,2,1
9,190.2,0,2,0,mobile,2,0
4,7.8,5,1,0,desktop,1,0
3,95.1,0,2,0,mobile,0,0
4,146.4,2,4,1,mobile,1,1
5,30.2,1,2,0,desktop,2,0
6,27.3,3,5,1,desktop,2,1
6,290.1,2,9,0,desktop,0,1
5,150.6,2,2,1,mobile,0,0
4,243.4,3,3,0,mobile,0,0
9,181.0,2,0,0,desktop,1,1
3,124.0,0,2,0,mobile,0,0
2,315.6,5,6,0,mobile,0,1
5,114.5,6,4,1,mobile,0,0
6,89.4,2,1,0,mobile,1,0
5,181.1,4,1,1,mobile,1,0
4,192.5,7,2,1,tablet,1,1
5,137.0,0,6,0,mobile,4,0
9,63.1,3,0,0,mobile,1,0
3,180.6,1,3,0,mobile,1,0
3,62.1,1,1,0,tablet,2,0
3,101.8,2,2,0,mobile,3,0
8,46.2,3,2,0,mobile,1,0
7,48.9,1,4,0,mobile,2,0
8,87.4,2,4,0,mobile,1,0
7,126.8,1,3,0,desktop,1,0
8,307.9,2,1,0,desktop,1,1
7,57.8,0,1,1,desktop,0,0
5,104.6,2,1,0,tablet,1,0
3,91.0,0,1,0,mobile,0,0
4,130.4,5,7,0,desktop,1,0
5,77.6,3,2,0,mobile,0,0
8,152.6,3,0,0,desktop,2,0
5,43.6,1,1,0,tablet,2,0
4,97.9,2,3,0,tablet,4,0
3,125.4,3,2,0,desktop,0,0
7,200.1,1,4,0,tablet,2,1
4,154.6,1,5,0,desktop,1,1
6,96.2,1,0,1,tablet,2,0
10,48.9,0,5,0,desktop,0,0
7,333.0,3,3,1,mobile,0,1
7,54.9,1,1,0,mobile,2,0
10,32.9,1,4,1,mobile,1,1
5,59.8,3,1,0,mobile,1,0
10,26.9,1,7,0,mobile,0,0
3,124.4,1,4,0,mobile,1,1
11,95.7,0,2,0,mobile,4,0
7,81.2,3,2,1,mobile,1,0
10,88.9,0,3,0,mobile,0,0
5,62.9,2,2,0,tablet,3,0
2,14.2,2,1,0,desktop,0,0
7,181.4,4,6,0,tablet,1,0
9,67.8,3,4,0,desktop,0,0
7,28.0,2,4,0,desktop,0,0
3,18.8,5,2,0,desktop,0,0
4,227.2,1,3,0,mobile,0,0
6,73.8,4,3,0,mobile,2,0
4,72.4,3,3,0,desktop,0,0
4,134.7,1,2,0,mobile,0,0
6,63.2,2,3,0,mobile,0,1
7,26.3,1,5,1,mobile,1,0
6,58.1,3,4,1,mobile,0,1
4,114.5,3,4,0,mobile,1,0
6,57.7,1,1,0,desktop,4,0
4,47.1,3,0,1,desktop,0,0
4,37.5,3,1,0,mobile,0,0
7,126.4,4,1,1,mobile,3,1
6,112.2,3,4,0,mobile,0,0
7,138.2,4,3,1,mobile,0,1
3,81.5,2,6,0,mobile,0,0
5,67.1,1,3,0,desktop,0,0
8,49.2,1,3,0,desktop,1,0
7,74.3,2,5,0,mobile,4,0
6,20.1,0,3,1,desktop,1,0
5,118.4,1,3,0,mobile,1,0
4,68.9,3,2,0,tablet,2,0
4,196.2,1,6,1,desktop,0,1
8,91.6,1,1,0,desktop,0,0
8,13.8,2,4,0,desktop,0,0
7,107.6,3,4,0,mobile,1,0
7,338.8,0,3,0,desktop,0,1
8,126.1,1,4,0,desktop,1,0
9,163.6,3,0,0,desktop,0,0
7,210.4,0,5,1,desktop,0,1
4,45.5,6,1,0,mobile,0,0
8,84.2,2,6,0,desktop,0,0
6,47.6,1,4,0,desktop,1,0
6,150.4,0,5,0,mobile,0,0
8,48.1,1,0,0,mobile,1,0
5,81.0,3,1,0,mobile,1,0
10,159.3,1,2,1,mobile,0,0
5,149.2,3,2,1,mobile,0,0
6,106.1,0,6,0,tablet,1,1
3,212.0,3,4,0,desktop,4,0
7,158.7,2,1,0,desktop,1,0
4,58.3,1,1,0,tablet,0,0
7,27.2,1,1,0,desktop,1,0
3,43.5,6,3,0,mobile,2,0
4,165.8,8,3,0,mobile,0,1
6,125.0,5,2,0,mobile,1,0
4,213.5,0,4,0,mobile,0,0
5,134.5,1,2,1,desktop,1,1
6,161.3,1,1,0,desktop,1,0
7,117.2,1,2,1,mobile,2,0
4,56.5,2,2,1,mobile,1,0
4,54.3,2,2,1,mobile,0,0
5,43.9,0,4,1,mobile,3,0
6,56.6,1,1,1,mobile,2,0
5,217.2,2,2,0,tablet,0,1
3,147.3,0,1,0,mobile,1,0
7,82.5,2,1,0,tablet,0,0
7,127.8,2,2,0,desktop,1,0
9,126.4,0,1,0,desktop,0,0
2,229.8,2,2,1,desktop,2,1
7,76.3,2,6,0,mobile,0,1
3,112.3,0,4,1,desktop,1,1
6,162.1,4,2,1,mobile,1,1
3,56.0,2,6,0,tablet,1,1
7,242.8,0,3,0,desktop,2,1
5,156.8,1,2,1,tablet,0,0
4,43.6,2,5,0,tablet,2,0
6,297.6,0,2,0,mobile,0,1
7,212.3,4,2,0,tablet,0,1
4,143.4,3,3,0,mobile,0,0
5,16.0,1,5,1,desktop,0,0
9,64.6,0,1,0,desktop,1,0
5,106.7,4,5,0,mobile,1,0
11,112.7,0,1,0,mobile,3,1
5,100.6,2,5,0,desktop,1,1
6,33.2,1,3,0,mobile,1,0
11,79.2,0,2,0,mobile,1,0
4,85.4,3,4,0,mobile,0,0
5,12.6,2,4,0,desktop,0,0
8,142.7,0,3,1,desktop,1,0
6,260.8,2,2,1,mobile,2,1
11,90.0,1,7,1,desktop,1,0
5,144.5,6,4,0,desktop,1,0
3,44.4,0,2,0,mobile,2,0
4,122.6,5,4,1,desktop,0,0
6,124.1,1,1,0,mobile,3,0
9,196.7,1,4,0,tablet,2,0
5,222.5,2,0,1,desktop,2,1
4,143.2,4,0,1,desktop,0,1
9,57.6,4,2,0,mobile,0,0
7,55.9,1,6,0,desktop,0,0
9,221.0,2,3,0,mobile,2,0
4,36.2,3,2,1,mobile,2,0
4,64.2,1,6,0,desktop,1,0
6,135.9,2,4,1,desktop,1,1
12,255.3,2,3,1,mobile,0,0
8,269.0,3,5,0,mobile,0,1
5,8.7,2,2,1,mobile,1,0
4,119.7,2,2,0,mobile,1,0
9,94.6,5,3,0,mobile,0,0
9,49.7,3,2,0,desktop,2,1
4,7.8,2,4,0,mobile,0,0
4,94.1,3,4,0,mobile,2,0
7,35.5,1,1,0,desktop,3,0
3,132.4,2,2,0,tablet,2,0
8,100.7,5,7,0,tablet,0,0
6,16.3,3,4,0,desktop,0,0
6,82.7,2,1,0,mobile,1,1
7,26.5,0,3,0,mobile,0,0
2,115.8,4,4,1,desktop,2,1
11,152.8,1,6,0,mobile,0,0
3,71.3,0,6,0,mobile,3,0
6,213.8,4,1,1,tablet,3,1
5,117.3,0,6,0,mobile,1,0
6,98.6,3,2,0,desktop,1,1
5,99.9,2,2,0,mobile,1,0
6,82.6,2,3,0,mobile,2,0
7,80.3,2,2,0,desktop,0,0
2,34.5,0,3,0,mobile,0,0
4,245.1,4,3,0,tablet,0,1
3,81.8,1,3,0,mobile,2,1
6,269.0,2,2,1,desktop,2,1
5,150.9,2,5,0,desktop,1,0
8,87.8,1,4,0,desktop,0,0
8,106.7,2,0,0,desktop,0,0
3,152.8,3,2,0,mobile,0,1
7,183.7,1,3,0,desktop,1,1
8,97.4,1,2,1,desktop,0,0
3,173.1,5,4,1,desktop,1,1
8,149.1,1,4,0,mobile,3,1
6,153.7,3,1,1,mobile,0,0
8,173.5,1,2,0,desktop,1,0
7,61.8,1,4,0,mobile,2,0
6,227.5,1,5,0,mobile,2,1
7,125.2,0,4,0,mobile,3,0
6,183.4,4,2,1,mobile,0,1
5,97.2,2,3,0,desktop,1,0
8,114.7,0,2,0,desktop,1,0
2,61.6,3,2,1,mobile,0,1
9,40.5,2,3,0,mobile,1,0
5,85.3,1,4,0,mobile,0,0
6,157.4,0,1,1,desktop,1,1
4,63.1,2,2,0,desktop,0,0
8,23.2,0,1,0,mobile,0,0
3,203.1,2,2,0,mobile,2,0
6,35.9,1,2,0,mobile,1,0
11,122.5,3,5,1,desktop,0,1
8,290.2,0,5,1,mobile,0,1
8,568.2,5,4,0,mobile,0,1
11,88.4,1,5,0,mobile,2,1
2,205.1,1,4,1,mobile,0,0
6,123.7,3,4,0,tablet,0,0
4,45.7,4,0,1,desktop,1,1
9,83.0,3,1,0,desktop,1,0
8,67.5,3,2,0,mobile,0,0
4,200.0,2,3,1,mobile,0,1
2,282.7,2,2,0,desktop,2,1
6,73.8,2,9,1,mobile,0,0
4,24.0,5,2,0,mobile,1,0
7,111.9,1,3,0,mobile,1,0
4,48.4,1,6,1,mobile,2,0
5,39.6,1,7,0,mobile,2,0
6,57.8,0,3,1,desktop,0,0
9,54.3,0,4,0,mobile,1,0
8,132.0,0,5,0,tablet,0,1
6,153.4,3,1,1,mobile,1,1
5,121.5,1,1,0,mobile,4,0
7,48.2,2,3,0,desktop,1,0
9,49.3,0,1,1,mobile,0,0
5,93.9,1,3,1,mobile,0,0
4,77.0,1,3,1,mobile,1,0
3,101.0,5,3,0,mobile,2,1
4,129.0,1,1,1,desktop,0,0
10,93.1,4,4,1,mobile,1,1
6,145.3,1,3,0,mobile,0,0
5,114.8,1,2,1,mobile,1,1
8,150.0,2,0,0,mobile,3,1
9,37.5,1,2,0,desktop,0,0
5,20.5,1,2,0,tablet,2,0
5,46.8,4,3,0,desktop,1,0
9,191.0,3,1,0,mobile,2,1
6,115.4,2,2,0,tablet,0,0
6,62.1,3,4,0,desktop,2,0
7,55.1,2,2,0,desktop,0,0
8,156.2,2,2,0,desktop,1,0
3,117.3,2,5,0,desktop,3,0
2,32.3,0,3,1,desktop,0,0
8,32.1,2,4,0,mobile,1,0
6,146.7,1,1,1,mobile,1,0
5,60.3,1,7,0,desktop,1,0
5,25.2,5,4,0,mobile,0,0
4,24.8,4,1,0,mobile,0,0
9,132.1,1,6,1,mobile,0,0
8,62.8,3,4,1,mobile,0,0
2,164.3,1,3,0,desktop,1,0
3,103.3,5,4,0,desktop,0,1
5,71.5,2,4,0,desktop,2,0
7,98.8,2,5,0,mobile,2,0
5,308.2,5,3,1,mobile,1,1
7,44.4,1,2,1,mobile,1,0
9,211.2,2,3,1,mobile,0,1
8,147.9,5,4,0,desktop,2,1
6,65.3,0,2,0,desktop,0,0
3,147.8,0,7,1,mobile,1,1
2,112.2,0,2,0,mobile,2,0
8,91.8,1,4,0,desktop,0,0
5,76.5,5,3,0,mobile,0,0
2,184.0,3,0,0,mobile,0,0
7,101.2,10,4,1,desktop,2,1
6,47.3,2,2,1,tablet,1,0
9,96.3,2,2,0,mobile,0,0
6,26.3,5,1,0,mobile,2,1
5,60.6,3,2,0,mobile,1,0
11,144.6,2,3,0,desktop,1,0
8,42.4,1,1,0,mobile,3,0
5,381.0,2,1,0,mobile,1,1
9,11.7,6,4,0,desktop,1,1
6,75.3,1,3,0,desktop,1,0
6,154.5,3,4,1,mobile,0,1
6,27.4,3,2,1,desktop,0,0
3,156.3,4,2,0,tablet,1,0
4,149.2,4,4,0,mobile,0,0
5,79.5,3,1,0,desktop,1,0
10,48.6,2,4,0,mobile,2,0
1,100.3,4,3,1,mobile,2,0
6,144.9,3,3,0,mobile,0,0
6,51.9,1,1,0,desktop,2,0
6,91.1,2,3,0,desktop,1,0
6,28.7,0,2,0,mobile,0,0
5,171.5,1,2,0,tablet,0,0
10,276.3,2,4,0,desktop,1,1
7,69.3,2,4,0,mobile,1,0
3,57.0,3,4,0,desktop,0,0
7,195.6,1,3,0,mobile,1,1
7,193.2,3,4,0,mobile,2,0
7,159.3,2,6,0,mobile,1,1
6,36.2,1,2,0,mobile,1,0
3,5.2,3,2,1,tablet,0,0
6,88.1,1,4,0,mobile,3,0
4,132.3,1,4,0,mobile,2,1
4,69.6,1,1,0,desktop,0,0
4,190.7,1,1,0,desktop,1,0
7,59.0,0,3,0,mobile,3,0
7,21.2,2,2,1,desktop,1,1
5,69.4,1,8,0,mobile,0,0
6,124.3,2,3,0,mobile,3,0
6,41.8,5,3,1,mobile,0,0
8,115.7,4,3,1,mobile,0,0
6,87.7,2,2,0,desktop,1,0
4,272.4,2,5,1,desktop,1,1
5,175.4,5,2,0,desktop,3,0
8,404.9,0,3,0,mobile,1,1
6,34.1,0,7,0,mobile,0,0
8,216.9,2,4,0,desktop,0,1
9,14.3,1,2,1,mobile,0,0
8,185.3,0,1,0,mobile,1,0
6,20.1,3,1,0,mobile,2,0
9,154.8,3,4,0,mobile,1,0
5,116.7,2,1,1,mobile,0,0
7,126.0,1,1,0,mobile,0,0
9,12.0,2,5,0,mobile,0,0
7,147.4,4,5,1,desktop,1,1
4,21.0,3,3,1,mobile,1,0
9,273.0,2,3,0,mobile,2,1
5,56.2,2,2,0,mobile,0,0
8,73.7,3,6,0,mobile,0,0
3,214.9,3,5,0,desktop,0,0
11,102.7,2,1,0,mobile,0,0
7,104.0,3,3,0,desktop,0,1
5,136.8,1,4,0,desktop,0,0
6,44.3,2,3,0,desktop,0,0
7,55.6,5,3,1,desktop,2,1
5,106.4,2,3,0,desktop,1,0
6,285.7,0,0,0,desktop,1,1
7,164.2,5,3,1,desktop,1,1
4,171.6,2,1,0,mobile,0,0
8,228.0,3,0,0,desktop,2,0
8,191.2,2,4,0,desktop,0,1
9,158.9,1,4,0,mobile,1,0
5,87.0,2,3,0,desktop,1,0
8,41.2,2,2,0,desktop,0,0
4,46.4,5,3,0,mobile,0,0
5,203.8,0,1,1,mobile,0,0
5,144.8,2,1,0,mobile,2,1
1,4.5,3,3,0,desktop,1,0
2,100.8,1,3,0,mobile,2,0
2,9.7,2,3,0,desktop,2,0
8,86.7,2,0,0,mobile,3,1
6,194.5,5,3,1,mobile,0,1
6,144.6,2,3,0,desktop,2,1
9,74.7,1,1,0,mobile,2,0
4,112.2,2,2,1,desktop,1,1
6,56.5,3,3,0,tablet,0,0
4,31.3,2,0,0,mobile,0,0
6,53.1,5,2,1,tablet,2,1
2,181.6,4,5,0,desktop,1,0
8,220.3,2,2,0,mobile,0,0
3,188.2,0,5,1,mobile,2,0
5,173.9,1,1,0,desktop,0,0
7,38.2,0,5,0,desktop,0,0
8,80.1,3,2,1,mobile,0,1
10,86.6,0,2,0,mobile,0,0
5,66.4,3,4,1,desktop,0,0
2,41.6,1,1,1,mobile,0,0
5,116.4,4,2,0,mobile,1,0
7,113.2,2,3,0,desktop,2,0
4,78.2,2,6,0,desktop,1,0
5,255.0,2,4,0,mobile,0,0
3,69.2,0,2,0,desktop,3,0
7,91.1,1,1,0,mobile,0,0
9,26.9,2,3,0,desktop,1,0
8,160.3,3,2,0,mobile,0,0
3,215.1,2,4,0,desktop,1,1
7,23.4,1,3,1,desktop,0,0
10,137.2,1,4,0,mobile,3,0
4,74.7,1,6,0,desktop,0,0
9,166.8,0,0,0,desktop,1,0
8,118.8,2,4,1,desktop,1,1
7,119.0,3,4,0,desktop,1,0
11,113.0,0,6,1,tablet,0,1
6,298.1,1,3,1,desktop,1,1
6,31.6,1,5,0,mobile,2,0
6,9.9,2,4,0,desktop,2,0
6,161.7,6,2,0,tablet,0,0
5,38.5,3,5,0,mobile,3,0
11,169.6,2,3,0,mobile,0,0
4,156.7,3,2,0,tablet,1,0
3,52.1,1,2,1,desktop,0,0
7,464.1,3,4,0,mobile,1,1
5,242.7,1,2,0,desktop,0,1
5,93.3,1,4,0,mobile,1,0
9,114.8,2,4,0,mobile,0,0
6,207.3,0,0,0,mobile,0,0
5,34.0,0,3,0,mobile,1,0
8,137.8,2,7,0,mobile,0,0
5,91.9,1,2,1,mobile,0,0
3,248.2,3,5,1,desktop,2,1
3,17.6,1,5,0,desktop,0,0
4,120.7,1,2,0,mobile,1,1
4,33.9,2,4,0,mobile,0,0
9,139.2,3,5,0,tablet,0,0
7,103.1,2,4,0,desktop,1,0
1,111.7,2,5,0,mobile,0,0
9,176.3,0,4,0,mobile,1,0
6,148.9,0,1,0,mobile,0,0
5,57.3,1,1,0,desktop,3,0
6,12.4,4,4,0,mobile,0,0
8,20.0,3,6,1,tablet,1,1
7,59.5,5,4,0,tablet,1,0
4,113.5,0,1,0,mobile,0,0
5,96.1,0,1,1,tablet,0,0
3,116.2,0,2,0,tablet,1,0
5,212.3,0,2,0,desktop,1,0
2,62.2,1,0,0,mobile,1,0
10,168.4,1,3,0,mobile,2,0
4,110.3,1,3,1,mobile,0,0
2,226.5,4,2,0,mobile,0,1
6,119.4,3,3,1,desktop,1,1
5,277.7,2,2,0,tablet,0,0
7,158.3,1,4,1,desktop,4,1
6,196.5,0,1,1,desktop,2,1
9,60.0,0,4,0,mobile,0,0
6,223.4,4,1,1,desktop,2,1
8,280.8,1,0,0,desktop,0,1
5,145.9,2,2,0,mobile,1,1
2,80.9,4,1,0,desktop,0,0
6,200.6,1,3,1,mobile,1,1
5,167.1,1,2,0,mobile,3,1
4,335.7,0,3,1,desktop,0,1
3,142.4,1,2,0,mobile,2,0
13,92.7,1,0,1,desktop,0,0
6,109.1,2,1,0,desktop,1,0
11,50.6,3,4,0,mobile,1,0
7,79.0,2,1,1,tablet,2,1
2,16.2,1,0,0,desktop,1,0
7,89.9,2,0,0,desktop,1,0
3,203.5,4,2,1,desktop,0,0
5,358.1,1,2,1,mobile,1,1
6,75.6,2,5,0,tablet,0,0
9,153.6,2,1,0,tablet,0,0
5,92.6,1,3,0,mobile,3,1
3,74.4,3,2,0,mobile,2,0
2,40.1,3,4,1,tablet,1,0
9,263.3,1,5,0,mobile,0,1
9,23.1,6,5,0,desktop,0,0
5,135.6,0,0,0,mobile,0,0
2,29.2,4,1,0,desktop,2,0
10,63.9,1,2,0,desktop,0,0
5,254.1,1,5,0,tablet,2,1
3,38.9,2,3,1,desktop,0,0
5,126.5,3,1,0,mobile,2,0
4,223.9,2,4,0,mobile,1,0
9,132.6,3,3,1,mobile,0,0
10,137.1,2,4,0,desktop,1,1
5,131.2,1,2,0,mobile,2,0
5,193.6,1,1,0,mobile,1,0
6,219.7,1,3,0,desktop,1,1
12,120.8,3,6,0,mobile,0,0
9,106.8,6,2,0,desktop,3,0
7,27.7,2,5,0,mobile,3,0
3,51.7,1,1,0,mobile,0,0
9,129.2,3,4,1,desktop,1,1
8,17.5,1,3,0,desktop,3,0
7,47.4,5,2,1,desktop,2,1
6,76.6,1,5,0,mobile,2,0
4,34.9,2,2,0,desktop,1,0
6,48.7,3,2,0,desktop,1,0
4,136.7,0,4,0,mobile,1,0
4,91.5,4,5,0,mobile,1,0
8,163.2,2,1,0,desktop,1,0
5,73.6,3,0,0,desktop,1,0
5,90.4,4,3,0,mobile,0,0
7,118.8,2,6,0,mobile,1,0
7,51.1,1,0,1,mobile,1,0
4,142.6,3,7,0,mobile,0,0
5,40.6,0,2,0,desktop,1,0
7,56.3,3,3,0,mobile,1,0
7,65.1,0,3,0,mobile,0,0
7,59.4,3,5,0,tablet,0,0
7,104.0,1,2,0,mobile,0,0
4,59.5,2,4,0,mobile,3,0
6,85.2,2,1,0,tablet,0,0
3,210.3,2,4,0,mobile,1,0
6,222.8,5,1,0,tablet,1,1
4,1.2,1,3,1,desktop,0,1
4,136.6,2,4,0,mobile,2,0
6,13.3,0,4,0,desktop,0,0
12,143.3,2,5,0,mobile,0,0
8,187.7,1,3,1,desktop,1,1
8,67.9,4,2,1,mobile,1,1
5,226.9,3,5,0,desktop,1,1
2,52.6,2,3,0,tablet,1,0
5,203.0,1,1,0,mobile,1,0
6,184.4,0,3,0,mobile,1,1
5,26.0,3,2,0,mobile,3,0
5,72.7,2,0,0,mobile,2,0
8,21.5,4,2,0,mobile,0,0
7,35.7,2,5,1,mobile,1,1
9,231.9,4,7,1,desktop,1,1
5,142.8,4,0,1,mobile,2,1
4,59.0,2,4,0,tablet,0,0
1,14.2,1,5,1,mobile,1,0
5,20.3,2,4,0,mobile,2,0
2,86.3,0,3,0,mobile,1,0
5,239.9,1,5,0,desktop,1,1
4,170.0,4,3,1,desktop,0,1
6,88.9,0,4,0,desktop,2,0
7,89.1,0,5,0,mobile,0,0
7,120.1,2,4,0,tablet,0,0
5,212.4,0,6,0,mobile,0,0
5,43.0,0,4,0,mobile,1,0
6,118.5,3,2,1,desktop,1,1
2,34.0,0,1,0,desktop,1,0
10,111.8,3,5,0,mobile,0,0
8,88.0,1,3,0,mobile,2,0
6,22.4,1,1,0,mobile,0,0
5,120.1,6,5,0,mobile,1,0
6,65.4,3,3,0,desktop,0,0
5,72.4,1,8,0,desktop,0,0
2,47.3,1,2,1,desktop,0,0
4,109.8,0,3,0,desktop,2,0
8,104.3,2,4,0,mobile,2,0
7,164.2,2,0,0,desktop,0,0
11,129.9,2,6,0,mobile,2,1
5,47.8,2,6,0,desktop,1,1
6,170.3,2,2,1,desktop,0,1
7,199.5,0,2,1,desktop,0,1
7,53.6,3,3,1,mobile,3,1
9,76.7,3,1,0,mobile,0,0
5,64.0,5,1,0,tablet,1,0
4,101.0,3,2,1,desktop,3,1
4,49.8,1,2,0,mobile,1,0
10,161.9,1,4,1,desktop,1,1
8,40.6,0,4,0,mobile,3,0
3,71.3,2,3,0,desktop,3,0
3,126.7,2,1,0,desktop,0,0
5,101.0,2,4,0,mobile,1,0
7,104.9,1,4,0,mobile,2,0
10,36.6,3,1,0,desktop,1,0
12,88.7,3,4,0,mobile,0,0
5,193.6,1,5,0,desktop,1,0
8,156.1,4,1,1,mobile,0,1
8,77.8,3,3,1,desktop,1,1
4,99.7,4,3,0,mobile,1,0
8,114.4,3,4,0,mobile,1,1
6,228.8,2,3,0,mobile,0,0
3,68.0,1,1,0,desktop,0,0
10,154.4,4,3,1,mobile,1,1
7,100.8,5,3,0,mobile,1,0
4,193.2,5,2,1,mobile,2,1
7,206.7,2,3,0,mobile,0,0
4,105.7,1,2,0,desktop,0,0
3,59.3,2,5,0,mobile,1,0
9,189.3,2,1,0,tablet,0,0
5,98.0,3,2,1,mobile,1,0
6,30.1,2,4,0,mobile,1,0
5,23.0,1,3,1,mobile,4,0
4,98.4,3,2,1,mobile,0,0
5,5.3,1,4,1,mobile,0,0
4,65.0,1,3,1,mobile,0,0
12,198.4,0,2,0,mobile,0,1
7,223.5,1,4,1,desktop,0,1
6,198.5,2,5,1,mobile,1,1
6,99.9,2,2,1,desktop,2,1
6,47.4,2,1,0,mobile,1,0
4,212.7,4,5,1,tablet,1,1
7,111.4,3,4,0,desktop,1,0
5,29.0,2,1,0,mobile,1,0
6,104.2,1,2,1,tablet,0,0
4,190.7,0,5,0,mobile,1,0
8,11.3,2,3,0,mobile,1,0
4,86.1,1,4,0,tablet,0,0
7,241.8,2,2,0,mobile,1,0
8,99.5,1,2,0,desktop,0,0
2,36.8,2,3,0,tablet,1,0
7,176.4,1,2,1,desktop,1,1
5,144.8,2,3,1,desktop,0,1
3,111.4,3,4,0,desktop,3,0
3,38.1,1,3,0,desktop,2,0
6,122.7,3,1,1,tablet,2,1
6,154.5,4,4,0,mobile,2,1
4,28.9,2,10,1,desktop,1,1
6,119.2,0,1,1,desktop,3,1
12,79.9,3,0,0,mobile,2,0
3,18.9,0,5,1,desktop,0,0
7,83.0,4,2,0,mobile,1,0
6,69.6,1,3,0,mobile,2,0
4,90.0,0,3,1,desktop,0,0
5,62.6,1,5,1,mobile,1,0
11,22.8,1,3,0,tablet,0,0
2,233.0,1,3,1,desktop,1,1
9,432.9,1,4,1,mobile,1,1
4,71.6,4,4,1,mobile,3,0
6,98.2,1,5,0,desktop,1,0
5,426.4,2,7,1,mobile,3,1
12,37.4,2,1,1,desktop,0,0
4,59.5,4,3,1,mobile,0,0
5,133.7,2,3,1,desktop,0,0
4,115.6,2,5,1,mobile,2,1
4,191.7,2,3,0,mobile,0,0
9,147.5,1,3,1,mobile,1,1
2,254.8,1,4,0,tablet,1,1
6,125.4,0,5,1,mobile,1,1
8,29.8,0,2,1,mobile,1,0
4,72.2,2,3,0,mobile,0,0
8,176.5,2,2,1,mobile,1,1
6,83.7,2,5,1,mobile,0,0
8,121.0,3,3,1,mobile,0,0
6,122.3,1,5,0,tablet,4,0
8,54.3,0,4,1,mobile,0,0
6,69.0,0,4,0,mobile,5,0
5,112.4,2,4,0,mobile,1,0
6,171.0,1,1,1,mobile,0,1
12,31.1,1,4,0,desktop,1,0
8,101.5,1,8,1,mobile,1,1
7,220.6,1,4,1,mobile,1,1
4,95.9,2,4,0,tablet,0,0
1,136.9,2,4,0,mobile,2,1
11,251.4,3,5,0,mobile,2,1
6,111.0,2,3,0,tablet,0,0
6,246.3,3,2,0,mobile,2,0
4,73.0,4,4,1,mobile,1,1
5,203.7,2,2,0,desktop,2,1
3,120.5,1,4,1,mobile,0,0
3,122.9,1,2,0,mobile,2,0
8,137.5,3,4,0,desktop,1,1
4,121.1,1,4,0,tablet,1,0
2,124.6,1,4,1,desktop,0,0
4,308.2,2,0,0,mobile,1,0
8,141.7,1,6,0,mobile,0,0
6,206.2,1,3,0,desktop,1,0
6,53.1,1,1,0,mobile,3,0
5,23.5,3,2,1,mobile,1,0
6,25.8,0,0,0,desktop,2,0
6,33.6,0,3,1,desktop,0,0
4,250.3,3,3,0,mobile,0,1
4,24.7,2,3,0,mobile,1,0
7,89.3,4,1,0,mobile,1,0
7,360.3,2,4,0,mobile,1,1
5,160.7,4,3,1,mobile,0,1
10,64.8,1,5,1,tablet,4,0
7,49.9,3,1,1,desktop,2,0
6,75.0,2,1,1,tablet,3,0
6,125.6,4,4,1,mobile,0,1
5,78.1,2,3,1,mobile,2,0
11,160.7,1,3,0,mobile,1,0
7,299.7,5,3,0,mobile,1,1
3,56.8,3,5,1,desktop,0,0
5,309.5,2,5,0,mobile,0,1
4,114.1,1,4,0,mobile,0,0
3,76.3,2,4,0,desktop,0,0
6,49.3,2,3,0,mobile,0,0
7,146.5,4,1,0,mobile,1,1
6,60.0,3,4,0,mobile,0,0
11,156.5,0,3,1,desktop,2,1
6,101.2,0,1,1,desktop,0,0
6,70.2,0,5,0,mobile,1,0
5,99.8,1,2,1,desktop,0,1
5,143.0,0,5,0,desktop,0,0
4,90.5,4,3,1,desktop,0,0
7,60.1,5,5,0,tablet,1,1
5,53.2,1,3,0,mobile,0,0
3,167.4,4,2,1,mobile,1,1
10,37.6,0,1,0,desktop,0,0
6,55.9,2,4,0,mobile,0,0
10,23.4,1,3,0,desktop,1,0
6,96.0,1,1,0,mobile,1,0
6,43.2,2,5,1,mobile,2,0
2,89.9,2,4,1,mobile,0,0
6,92.4,2,3,0,mobile,1,0
9,96.7,2,3,1,mobile,3,1
7,65.0,5,2,1,mobile,0,1
3,166.6,3,3,0,mobile,1,0
6,78.1,3,5,0,desktop,2,0
6,56.9,1,1,0,mobile,0,0
5,25.9,0,4,0,mobile,1,0
7,185.8,2,4,0,desktop,1,1
6,62.8,0,2,0,desktop,0,0
7,158.1,1,3,0,mobile,0,0
6,75.2,1,3,0,desktop,0,0
5,320.0,1,4,0,mobile,1,0
8,312.6,1,1,0,desktop,1,0
6,125.4,1,1,0,tablet,1,0
8,126.6,4,0,1,mobile,2,0
7,117.0,3,3,0,desktop,2,0
5,77.5,2,1,0,mobile,0,0
9,175.6,2,5,1,tablet,1,1
5,97.6,2,7,1,mobile,0,0
4,38.3,1,5,0,mobile,1,0
6,82.6,1,5,0,desktop,1,0
11,39.9,4,2,1,mobile,2,0
7,37.3,4,5,0,mobile,0,0
5,52.9,3,1,0,mobile,1,0
4,285.0,2,2,0,desktop,1,0
4,136.9,0,3,0,desktop,1,1
6,82.8,2,1,0,desktop,1,0
3,76.9,3,1,0,mobile,1,0
7,106.0,0,3,1,desktop,1,1
3,63.2,1,5,0,mobile,1,0
6,142.6,2,2,0,desktop,0,1
3,111.9,1,5,0,mobile,2,0
7,132.3,2,3,1,mobile,1,1
4,78.7,3,2,1,desktop,1,1
6,363.9,1,3,0,mobile,1,1
3,39.5,0,7,0,mobile,0,0
7,144.4,0,4,1,desktop,0,0
7,66.3,2,5,0,desktop,1,0
8,111.3,2,2,0,mobile,0,0
7,122.1,2,3,1,mobile,1,1
7,312.6,3,2,0,desktop,1,1
5,123.7,1,5,0,mobile,0,0
5,81.4,2,3,0,desktop,0,0
8,60.5,3,3,0,mobile,0,0
6,425.8,1,3,0,mobile,0,1
6,153.9,1,1,0,mobile,0,0
9,171.0,1,4,0,desktop,2,1
5,16.1,3,7,0,desktop,0,0
3,64.2,2,2,0,desktop,1,0
4,144.5,1,3,0,mobile,3,0
5,27.2,3,1,1,mobile,1,1
7,107.9,1,5,1,tablet,3,1
10,240.3,1,3,0,mobile,1,1
4,46.5,5,3,0,mobile,1,1
6,56.0,3,5,1,mobile,0,0
4,205.9,1,2,0,mobile,2,1
3,64.5,1,3,1,mobile,0,0
5,51.3,2,2,0,desktop,0,0
10,259.5,2,5,1,desktop,1,1
5,97.5,1,1,0,mobile,1,0
6,46.0,6,4,1,tablet,0,0
9,214.8,2,2,1,mobile,3,1
9,39.2,5,1,1,desktop,1,0
6,103.1,5,0,0,mobile,2,0
4,118.6,3,0,0,mobile,2,0
10,60.9,1,5,0,desktop,2,0
3,164.7,2,2,0,desktop,0,0
9,50.1,1,7,0,mobile,0,0
8,172.5,4,1,1,desktop,1,1
7,88.2,0,1,0,desktop,0,0
10,43.6,2,2,1,tablet,0,1
4,105.0,1,3,0,mobile,0,0
7,128.5,1,5,0,mobile,0,0
8,16.0,2,0,0,tablet,2,0
8,242.0,3,4,1,mobile,2,1
6,94.2,5,2,0,mobile,1,0
6,71.8,0,2,0,mobile,5,0
2,122.3,1,8,1,desktop,1,1
8,102.0,3,0,1,desktop,0,0
5,67.8,1,4,0,mobile,3,0
8,124.6,1,0,0,mobile,0,0
6,172.7,1,5,0,mobile,2,0
6,75.7,2,3,1,mobile,2,0
4,6.7,4,2,1,mobile,1,1
6,157.1,2,2,0,desktop,1,1
6,93.2,4,1,0,mobile,1,0
5,44.0,1,0,1,mobile,2,0
4,131.4,1,0,0,mobile,0,0
4,44.0,2,2,0,tablet,1,1
6,153.6,1,1,0,mobile,0,0
11,37.9,1,2,1,mobile,2,0
3,64.5,2,2,0,mobile,1,0
6,20.7,0,1,0,mobile,1,0
4,62.4,1,5,0,desktop,0,0
5,71.9,1,1,0,desktop,2,0
7,93.7,0,2,1,mobile,2,0
4,77.8,4,3,0,desktop,0,0
5,39.2,1,4,1,desktop,2,0
5,91.1,1,2,0,tablet,1,0
6,63.7,3,5,0,desktop,0,0
9,107.1,0,2,0,mobile,0,0
6,49.5,0,3,0,desktop,0,0
7,60.4,5,1,1,desktop,2,1
4,124.8,3,1,0,desktop,1,0
5,80.5,1,1,0,tablet,0,0
6,24.4,3,2,1,desktop,1,1
7,252.8,4,2,0,mobile,1,1
8,163.3,4,5,1,mobile,0,0
6,159.4,0,4,0,mobile,0,1
3,20.3,3,2,0,mobile,1,0
7,12.6,4,5,0,desktop,0,0
5,186.0,3,3,0,mobile,0,1
3,38.9,3,6,0,mobile,2,1
5,109.4,2,0,1,mobile,2,0
3,62.2,2,3,0,tablet,0,0
4,13.9,2,1,0,mobile,0,0
5,53.5,2,3,1,mobile,0,0
8,123.6,5,3,0,desktop,0,0
6,84.1,2,4,0,desktop,0,0
6,285.7,1,2,0,mobile,2,0
8,150.4,2,3,0,desktop,1,0
10,129.7,3,4,0,mobile,1,0
8,109.0,0,2,0,desktop,2,0
7,43.8,0,2,1,mobile,1,0
7,44.9,1,4,0,mobile,3,0
10,95.3,5,3,0,mobile,1,0
3,53.8,3,3,1,mobile,0,0
4,253.8,3,4,1,desktop,4,1
10,148.7,2,1,0,desktop,0,1
4,201.4,1,3,0,tablet,1,0
9,7.1,1,4,0,desktop,0,0
6,127.9,0,2,0,mobile,1,0
5,24.1,3,1,0,desktop,1,0
10,225.5,1,4,0,mobile,1,0
3,141.8,3,3,1,tablet,2,1
6,155.9,1,4,1,desktop,3,1
11,161.2,1,1,0,mobile,0,0
6,59.5,1,5,0,mobile,1,0
5,306.7,0,3,1,mobile,0,0
8,147.7,0,3,0,mobile,1,0
4,110.7,2,3,0,mobile,2,0
7,65.1,2,3,0,desktop,0,0
4,88.6,2,4,0,mobile,0,0
4,218.2,1,2,1,mobile,2,1
5,76.6,2,2,0,mobile,1,0
2,57.7,2,4,0,desktop,0,0
3,136.3,3,2,0,desktop,0,0
5,94.2,3,3,1,mobile,1,0
6,58.9,1,4,1,mobile,4,1
9,190.4,3,3,0,mobile,2,1
8,40.7,2,4,0,tablet,0,0
8,78.4,3,1,0,mobile,1,1
3,46.8,4,3,0,tablet,3,0
7,302.2,2,6,1,desktop,0,1
9,145.3,5,3,1,mobile,0,1
7,121.9,1,2,0,desktop,0,0
5,48.7,1,2,0,mobile,1,0
5,302.2,3,2,0,tablet,0,1
5,25.9,1,2,1,desktop,0,0
2,77.5,0,3,0,mobile,3,0
7,86.6,1,1,0,desktop,2,0
9,26.4,1,1,0,mobile,2,0
8,102.3,5,4,1,mobile,0,1
8,55.5,2,2,1,desktop,2,1
7,241.6,2,4,0,mobile,1,0
7,32.1,3,5,0,mobile,0,0
5,155.6,4,6,0,desktop,3,1
4,103.8,1,2,1,tablet,1,0
7,183.1,2,0,0,tablet,1,0
4,84.1,2,3,1,desktop,1,0
11,45.0,0,3,1,mobile,1,0
6,266.9,2,2,1,desktop,1,1
7,264.1,3,5,0,desktop,2,1
7,158.3,2,3,1,mobile,1,1
5,138.8,2,1,0,mobile,0,0
7,119.1,3,2,0,tablet,2,1
6,144.5,1,1,1,desktop,1,0
4,384.8,0,6,1,desktop,0,1
3,31.5,2,3,0,mobile,0,0
4,96.0,1,5,0,mobile,0,0
3,63.5,3,5,1,tablet,1,0
9,102.3,2,6,0,desktop,1,0
8,29.4,0,5,0,desktop,0,0
5,42.1,2,1,0,mobile,1,0
4,38.9,4,1,1,mobile,1,1
4,142.9,2,2,0,mobile,2,0
7,93.8,1,4,0,mobile,0,0
6,21.1,1,3,0,mobile,2,0
2,20.5,2,5,1,mobile,1,1
9,13.9,1,2,0,mobile,1,0
10,80.8,1,1,1,tablet,0,0
5,86.1,3,4,0,tablet,1,0
8,90.2,2,0,1,mobile,1,0
4,52.1,2,3,0,desktop,1,0
8,71.7,0,3,0,mobile,1,0
6,82.6,2,2,0,mobile,0,0
7,94.0,3,4,0,desktop,2,0
9,119.0,5,6,0,mobile,0,0
3,193.7,1,2,0,desktop,3,0
5,47.7,5,4,0,mobile,0,0
10,161.6,2,2,0,desktop,3,1
5,56.1,1,5,0,desktop,0,0
5,142.1,1,1,1,desktop,1,0
4,98.0,0,2,0,mobile,2,0
5,382.2,2,4,1,mobile,1,1
5,116.5,3,3,0,mobile,3,0
7,170.2,1,0,0,desktop,1,1
8,4.1,2,3,0,mobile,1,0
4,180.0,1,2,0,mobile,1,0
7,50.0,1,4,1,mobile,0,0
9,87.8,3,1,0,mobile,0,0
8,70.1,2,3,0,desktop,3,0
4,35.3,1,4,0,mobile,0,0
5,277.5,4,1,1,desktop,0,1
7,204.7,0,1,1,mobile,1,1
9,42.2,2,6,0,mobile,0,0
4,39.1,3,3,0,mobile,0,0
5,139.0,4,2,0,mobile,1,0
4,177.2,3,6,0,mobile,2,0
9,94.6,0,2,0,mobile,1,0
2,52.5,2,1,0,mobile,1,0
4,81.7,1,1,0,desktop,0,0
8,17.5,0,3,0,mobile,1,0
6,24.7,1,3,0,desktop,1,0
10,187.9,0,2,0,mobile,0,0
6,60.7,3,4,0,desktop,1,0
5,88.2,2,4,1,desktop,0,0
6,116.7,1,2,0,mobile,1,0
8,87.7,2,4,0,mobile,1,0
4,119.9,3,3,0,mobile,0,0
7,183.4,4,3,0,desktop,1,1
8,50.3,1,3,0,mobile,1,0
5,190.4,2,2,1,mobile,1,1
5,116.3,1,1,0,mobile,0,0
5,144.0,1,0,0,mobile,0,0
4,181.7,4,4,0,desktop,3,0
5,104.4,3,4,0,mobile,0,1
3,443.7,2,4,0,tablet,2,1
8,33.8,2,2,1,desktop,1,0
7,184.8,0,4,1,mobile,1,1
8,58.5,1,2,0,desktop,3,0
6,122.0,1,4,0,desktop,3,0
5,86.6,1,3,0,mobile,1,0
6,82.4,2,3,0,mobile,2,0
5,76.9,1,3,1,mobile,1,1
8,143.1,1,3,1,mobile,0,1
6,42.2,0,2,0,tablet,3,0
7,55.6,1,3,0,desktop,1,0
6,38.6,2,4,0,mobile,2,0
3,263.9,6,2,0,desktop,1,1
5,169.1,0,4,0,tablet,0,0
5,58.1,3,3,1,mobile,1,1
7,136.8,1,1,1,desktop,0,0
12,39.9,1,1,1,desktop,0,0
7,99.1,0,5,0,desktop,1,1
9,77.8,2,1,1,desktop,0,0
6,76.8,4,3,1,tablet,2,1
4,67.2,3,3,1,mobile,0,0
6,432.7,2,0,0,mobile,3,1
2,156.4,2,1,0,mobile,1,0
9,350.1,3,2,1,mobile,0,1
7,64.5,1,1,0,mobile,3,0
5,40.7,2,0,0,desktop,0,0
8,116.4,2,1,1,desktop,1,1
2,99.0,0,1,0,mobile,1,0
8,156.1,1,3,1,tablet,1,1
4,189.8,3,1,0,mobile,1,0
10,15.0,0,4,0,mobile,4,0
5,363.6,3,6,1,desktop,0,1
3,120.3,4,3,0,mobile,2,0
5,149.0,0,3,1,mobile,2,1
7,267.1,1,3,0,tablet,1,1
3,49.4,4,3,0,desktop,1,0
2,89.7,2,4,0,desktop,0,0
8,36.9,1,5,1,tablet,0,0
8,42.7,4,6,0,desktop,0,0
7,190.5,1,8,0,mobile,1,0
9,247.7,1,6,0,mobile,1,1
8,23.4,2,3,1,mobile,0,0
6,126.2,1,2,0,mobile,0,0
7,212.1,2,4,1,tablet,0,1
7,183.3,2,2,0,desktop,0,0
8,107.7,1,2,0,mobile,0,0
7,125.4,3,3,0,tablet,0,0
4,127.9,0,2,1,mobile,1,0
4,120.5,2,3,0,desktop,0,0
2,139.9,5,6,1,mobile,0,0
6,82.9,1,2,0,mobile,0,0
4,342.9,1,3,1,mobile,0,1
10,49.0,2,3,0,desktop,1,0
9,221.3,3,1,1,mobile,0,1
5,56.0,1,1,0,desktop,0,0
3,145.2,0,4,1,tablet,1,1
4,57.2,2,1,1,mobile,1,0
3,139.4,4,3,0,desktop,2,0
5,94.7,6,3,0,mobile,0,0
5,161.2,3,4,1,mobile,2,1
6,52.2,2,3,1,desktop,1,1
9,51.3,4,2,1,mobile,1,1
7,295.4,0,2,1,tablet,0,1
4,86.4,2,6,0,mobile,1,0
6,131.3,0,4,0,mobile,1,0
7,21.5,1,2,0,tablet,2,0
4,103.8,4,5,0,mobile,1,0
9,70.6,1,1,0,desktop,3,0
9,329.7,3,3,0,desktop,2,1
6,67.5,4,1,1,mobile,0,0
5,333.3,3,3,1,mobile,1,1
3,65.4,2,2,0,mobile,1,0
7,151.7,2,6,0,desktop,0,0
6,296.8,2,2,0,mobile,0,1
7,89.2,6,1,0,mobile,1,0
8,285.3,7,2,0,desktop,0,1
4,182.0,2,2,1,desktop,0,0
10,103.1,2,5,1,desktop,0,1
3,136.6,1,1,1,mobile,0,1
1,247.9,0,2,0,desktop,0,0
7,131.1,4,2,0,desktop,0,1
5,30.3,2,4,0,mobile,1,0
7,182.4,3,3,0,desktop,2,0
5,187.3,2,4,1,desktop,0,0
6,127.8,1,1,1,desktop,2,1
3,66.3,1,3,0,tablet,1,0
6,174.9,2,2,0,desktop,3,0
5,36.5,1,3,0,mobile,1,0
4,135.1,2,2,0,mobile,3,0
6,130.5,1,1,0,mobile,2,1
4,106.1,3,6,0,mobile,0,0
4,217.5,0,3,0,mobile,0,0
5,75.5,3,2,0,tablet,1,0
9,47.0,2,3,0,desktop,1,0
6,53.8,1,5,1,mobile,0,0
5,222.4,2,5,1,mobile,2,1
5,154.8,3,4,0,mobile,0,0
5,146.2,1,1,0,mobile,0,0
5,136.5,0,3,0,desktop,0,0
8,89.4,2,0,0,desktop,0,0
9,43.4,0,5,0,desktop,1,0
8,46.0,2,1,0,mobile,0,0
4,139.8,2,4,1,mobile,1,1
7,73.6,2,2,0,desktop,0,0
7,56.8,1,2,0,tablet,1,1
5,91.4,0,3,0,mobile,0,0
7,231.7,5,4,0,mobile,2,1
10,112.0,0,4,0,mobile,4,0
7,323.7,4,3,0,mobile,4,1
5,147.0,1,3,0,tablet,1,0
7,613.1,3,5,0,desktop,2,1
8,128.0,5,4,0,mobile,0,0
5,119.4,3,7,0,desktop,0,0
4,113.6,1,4,0,mobile,2,0
5,71.6,3,6,0,mobile,2,0
6,86.7,1,8,0,mobile,4,0
4,364.9,2,3,1,desktop,0,1
6,73.9,2,3,0,tablet,2,0
4,113.7,4,3,1,desktop,0,0
6,114.3,1,6,1,mobile,3,1
6,79.8,3,2,1,desktop,1,1
6,77.9,0,3,0,mobile,1,0
7,95.4,1,2,0,tablet,1,1
7,182.1,3,4,0,mobile,1,0
7,256.8,1,3,0,mobile,0,0
6,35.0,4,1,0,desktop,1,1
8,321.5,4,2,0,mobile,2,1
4,165.4,3,2,1,mobile,1,1
6,170.8,3,5,0,mobile,2,0
8,60.0,3,3,1,desktop,0,1
3,452.8,2,5,0,desktop,1,1
9,54.3,1,1,0,desktop,1,0
5,120.2,2,1,0,mobile,1,0
3,132.6,3,2,0,desktop,2,1
6,308.2,0,2,0,mobile,0,1
6,57.7,4,2,1,mobile,1,1
5,124.6,3,4,0,mobile,1,0
7,24.2,0,4,0,tablet,0,0
9,107.8,4,2,0,mobile,1,0
5,141.0,5,1,1,desktop,0,0
4,69.1,1,3,0,tablet,1,0
7,29.5,1,3,1,mobile,0,0
5,327.4,1,0,0,desktop,2,1
3,42.6,1,3,0,mobile,2,0
4,47.3,2,3,1,mobile,1,0
2,59.8,3,5,0,desktop,0,0
10,240.5,1,2,1,desktop,0,1
6,97.7,1,1,0,mobile,0,0
4,24.6,0,2,0,mobile,0,0
5,60.9,1,1,0,mobile,0,0
4,239.7,3,2,0,mobile,0,0
5,31.7,2,2,0,mobile,0,0
7,42.3,4,4,0,desktop,0,0
5,44.9,2,3,0,mobile,2,0
3,100.5,5,4,0,desktop,1,0
7,115.5,2,6,0,mobile,0,0
4,88.9,4,1,0,desktop,2,1
7,97.0,3,3,0,mobile,1,0
3,38.7,1,2,1,mobile,2,1
9,87.9,3,3,0,desktop,1,1
4,86.5,1,4,0,desktop,1,0
7,45.5,1,7,1,mobile,0,0
5,259.7,2,1,0,desktop,0,0
6,226.5,3,6,0,mobile,2,1
7,33.5,0,4,0,mobile,0,0
2,146.1,1,1,1,mobile,1,1
6,137.2,2,3,0,mobile,0,0
8,123.6,2,3,0,tablet,1,0
7,86.8,2,5,1,mobile,1,1
7,122.4,3,2,0,mobile,1,0
8,90.1,4,0,0,mobile,3,0
5,59.5,2,1,1,desktop,2,0
4,144.2,1,2,0,tablet,2,0
9,15.3,5,2,0,desktop,1,0
5,174.4,3,4,0,mobile,0,0
6,104.3,4,2,1,desktop,0,1
6,74.1,2,2,0,mobile,1,0
4,170.7,1,4,1,mobile,0,0
10,123.7,2,4,1,mobile,0,1
9,260.9,1,10,0,desktop,1,1
7,210.2,2,5,1,mobile,0,1
4,46.3,1,5,0,desktop,0,0
6,69.6,3,1,0,desktop,0,0
6,61.1,1,4,0,mobile,0,0
6,61.7,2,3,1,mobile,0,0
4,293.4,4,2,1,mobile,0,1
8,32.6,5,4,1,desktop,1,0
4,216.4,2,0,1,desktop,0,1
1,298.9,1,3,0,desktop,0,0
7,189.9,1,2,0,desktop,1,0
7,154.0,1,6,0,desktop,2,0
5,31.7,0,7,0,mobile,0,0
6,26.4,2,6,0,mobile,2,0
10,135.3,0,4,0,mobile,0,0
6,84.5,0,1,0,desktop,0,0
5,35.2,4,6,0,desktop,1,1
4,174.7,0,5,0,tablet,1,0
7,148.5,3,3,0,mobile,1,0
3,175.1,1,3,0,mobile,0,0
7,177.0,2,2,0,mobile,1,1
7,220.4,2,1,0,mobile,1,1
7,74.6,0,3,0,desktop,1,0
6,38.8,3,3,0,desktop,0,0
4,284.1,4,4,0,mobile,1,1
5,26.3,2,3,0,tablet,2,0
5,29.7,0,3,0,desktop,0,0
6,61.2,2,5,1,tablet,1,1
5,259.2,3,3,0,mobile,1,0
5,67.6,3,1,0,mobile,1,0
6,30.0,0,5,1,mobile,0,0
6,47.3,1,4,1,mobile,1,0
6,45.9,1,5,0,mobile,0,0
8,117.3,1,4,0,desktop,3,1
4,55.7,6,2,0,desktop,0,0
3,3.0,1,2,1,mobile,0,0
5,548.4,3,1,0,desktop,2,1
5,12.5,2,4,0,mobile,0,0
7,23.2,2,3,0,tablet,1,0
4,170.4,2,1,1,mobile,1,1
6,36.1,2,2,1,desktop,2,0
6,159.8,1,3,0,desktop,2,0
6,138.7,3,3,0,desktop,1,0
6,65.5,1,3,0,desktop,2,0
4,158.6,4,4,0,mobile,0,0
11,86.9,3,5,1,mobile,1,1
6,174.8,2,5,0,tablet,2,0
5,259.1,1,4,0,mobile,1,0
5,34.2,2,5,1,desktop,0,0
8,113.2,3,2,0,desktop,1,0
4,118.5,4,2,1,desktop,0,0
7,116.1,3,2,1,tablet,1,1
3,161.9,5,5,0,desktop,3,1
5,140.5,2,1,0,desktop,0,0
5,30.6,2,2,0,desktop,0,0
5,36.3,3,3,0,mobile,0,0
9,79.2,3,1,0,tablet,1,0
6,114.9,2,3,1,mobile,0,0
9,120.6,3,1,0,desktop,0,0
6,128.4,4,2,0,tablet,0,1
8,145.6,1,3,0,desktop,2,0
9,142.7,3,1,1,mobile,1,0
4,95.8,3,2,0,mobile,2,0
5,260.3,1,1,0,mobile,1,0
7,27.5,4,2,1,desktop,1,0
5,13.1,1,3,1,desktop,2,0
5,111.2,1,3,0,desktop,0,0
7,132.2,3,3,0,desktop,0,0
3,110.9,1,1,0,mobile,1,0
5,65.8,0,5,0,mobile,2,0
3,137.5,1,3,0,mobile,0,0
9,44.1,2,5,0,mobile,2,0
8,24.6,4,5,1,mobile,1,0
3,210.6,0,2,0,mobile,3,0
6,60.0,1,4,0,mobile,3,0
7,107.5,3,5,0,mobile,2,1
8,54.1,3,2,0,mobile,1,0
8,61.9,0,1,1,desktop,0,0
8,181.4,0,1,0,desktop,1,0
7,100.6,1,2,1,desktop,1,0
6,101.7,7,1,0,mobile,0,0
6,24.1,3,3,0,mobile,0,0
9,94.6,3,1,1,mobile,0,0
8,52.3,4,3,1,mobile,1,1
5,400.6,4,2,1,desktop,1,1
6,47.8,3,4,1,desktop,1,0
9,255.4,0,4,1,mobile,0,1
6,112.1,3,6,1,desktop,2,1
3,34.2,1,2,0,desktop,2,0
4,180.7,3,3,1,desktop,2,1
8,245.5,1,4,0,mobile,0,1
4,322.3,3,2,0,mobile,1,1
9,122.2,0,3,0,mobile,0,0
2,52.8,1,3,0,mobile,0,0
6,51.6,0,2,0,desktop,2,0
4,127.6,7,3,1,desktop,1,1
6,23.3,1,4,0,desktop,3,0
6,36.0,3,3,0,mobile,3,0
3,101.3,3,3,0,desktop,1,0
8,176.5,5,2,0,mobile,3,1
3,77.9,0,5,1,tablet,2,0
5,317.9,2,1,0,mobile,1,1
6,137.4,1,2,0,desktop,1,0
5,73.0,2,4,0,mobile,1,0
5,53.3,3,3,0,mobile,1,0
6,38.1,2,2,0,desktop,0,0
5,160.7,3,0,0,desktop,2,0
5,48.6,1,3,0,mobile,0,0
6,127.9,2,4,1,desktop,1,1
8,29.4,3,6,1,mobile,0,0
7,35.9,3,3,1,tablet,1,1
7,94.5,0,4,1,desktop,1,0
9,36.3,2,2,0,mobile,3,0
6,216.0,1,4,0,mobile,3,1
3,18.0,3,3,0,mobile,1,0
5,30.6,1,4,1,mobile,3,1
7,227.7,1,3,0,desktop,0,0
4,203.5,2,3,0,mobile,0,0
4,229.4,1,3,0,mobile,1,1
6,40.3,2,1,0,mobile,0,0
6,92.2,2,6,1,desktop,0,0
7,112.1,2,6,1,desktop,2,1
3,77.7,2,0,1,desktop,1,0
7,148.8,2,1,0,tablet,1,0
5,193.9,2,4,1,mobile,1,1
4,89.4,0,1,0,mobile,1,0
5,33.5,0,5,1,tablet,2,1
3,145.8,1,3,0,mobile,0,0
7,106.1,4,3,0,desktop,1,0
9,179.0,2,4,0,mobile,2,0
6,149.2,1,3,0,desktop,1,1
7,236.4,1,4,1,mobile,2,1
6,104.5,1,3,0,desktop,1,0
6,278.5,1,4,0,desktop,2,1
7,268.8,1,2,0,mobile,0,0
5,164.2,1,3,0,desktop,2,1
5,197.4,2,4,0,mobile,1,1
6,238.1,2,4,0,mobile,0,1
6,82.8,2,3,0,mobile,1,0
5,240.8,2,3,0,mobile,1,1
5,129.0,3,5,0,desktop,1,0
8,169.7,1,3,0,tablet,1,0
6,189.1,0,5,0,desktop,4,0
5,164.1,0,4,0,desktop,0,0
4,110.1,1,3,0,desktop,4,1
10,211.8,4,3,0,desktop,0,1
7,464.2,2,10,0,mobile,2,1
7,485.6,1,4,1,desktop,0,1
5,136.8,0,4,1,mobile,2,1
8,225.8,2,3,0,mobile,0,0
7,469.3,5,1,0,mobile,1,1
7,75.2,1,5,1,mobile,0,0
3,168.2,5,5,0,mobile,1,0
7,171.9,1,0,1,tablet,0,0
5,449.6,1,1,1,mobile,0,1
8,262.5,3,1,0,desktop,3,0
9,109.8,6,2,1,desktop,0,0
7,121.1,1,2,0,mobile,0,0
4,57.8,5,4,0,desktop,0,0
5,38.1,1,4,0,mobile,1,0
6,157.7,2,4,0,mobile,0,0
4,145.9,4,3,0,tablet,2,0
6,93.1,2,3,0,mobile,1,0
9,54.9,1,5,0,mobile,1,0
9,76.6,3,5,0,mobile,1,1
6,374.9,1,0,1,mobile,2,1
6,49.7,1,3,0,desktop,0,0
9,25.1,1,5,1,tablet,2,1
6,162.8,0,3,1,mobile,1,0
5,73.7,0,4,0,mobile,1,0
4,187.1,1,3,0,mobile,0,0
8,171.5,2,6,1,tablet,2,1
5,30.3,1,1,1,mobile,0,0
5,159.3,2,5,0,mobile,2,1
6,81.1,1,3,0,desktop,1,0
4,213.5,1,2,0,mobile,2,1
6,213.4,0,6,0,mobile,1,0
5,40.9,2,6,0,mobile,1,1
7,27.6,1,2,0,tablet,1,0
6,207.0,1,4,0,mobile,0,1
6,189.8,5,0,0,mobile,0,0
3,43.3,0,2,1,desktop,0,0
6,208.8,3,1,1,mobile,2,0
4,99.0,1,4,0,desktop,1,0
4,11.3,1,1,1,mobile,1,0
6,68.6,1,1,0,mobile,0,0
5,73.9,4,1,1,mobile,0,0
4,5.9,2,2,0,tablet,3,0
5,238.5,2,3,0,desktop,0,1
3,248.1,2,1,1,tablet,0,1
7,277.1,4,6,0,tablet,1,1
8,37.2,4,5,0,desktop,1,0
4,69.3,2,1,0,mobile,0,0
6,85.2,4,1,1,desktop,0,1
5,29.5,1,2,1,mobile,0,0
7,130.2,1,3,1,mobile,1,0
7,45.7,1,3,1,desktop,1,1
3,103.7,2,3,1,mobile,2,0
3,57.5,5,2,0,mobile,0,0
6,157.2,2,5,0,tablet,1,1
3,199.9,1,1,0,desktop,1,1
8,93.7,3,1,0,mobile,1,0
5,87.8,3,6,0,mobile,0,1
6,143.0,3,1,1,desktop,1,0
8,14.6,0,4,0,desktop,0,0
6,68.8,2,2,0,desktop,0,0
8,46.2,0,5,0,mobile,0,0
2,251.3,5,3,0,mobile,1,1
4,440.1,2,3,0,desktop,0,1
5,30.6,3,4,0,tablet,0,0
10,111.8,6,4,0,mobile,0,0
5,37.3,1,0,0,mobile,1,0
6,44.5,3,6,1,desktop,2,0
7,112.9,5,2,1,mobile,0,1
7,82.1,1,1,1,desktop,2,1
4,111.4,3,3,1,mobile,2,1
4,42.8,2,3,1,mobile,1,0
6,113.0,2,2,0,desktop,1,0
8,243.8,3,3,1,mobile,2,1
7,177.6,1,0,0,desktop,2,0
7,25.9,2,2,0,mobile,0,0
5,301.0,3,1,1,mobile,1,1
8,38.5,1,4,0,mobile,4,0
5,45.1,0,3,0,tablet,0,0
9,200.3,2,6,1,desktop,0,1
6,115.7,1,3,0,mobile,2,0
6,91.8,3,3,0,mobile,1,0
5,77.3,4,1,1,mobile,0,0
6,80.1,1,3,0,desktop,0,0
3,82.6,5,3,1,tablet,0,0
4,151.6,3,2,0,desktop,2,0
8,165.3,0,1,1,desktop,1,1
6,82.1,2,6,0,desktop,1,1
7,266.0,0,2,0,mobile,0,0
8,114.3,2,2,0,desktop,2,1
3,129.1,0,5,1,mobile,1,0
8,227.7,1,4,0,mobile,2,1
6,58.0,0,3,1,desktop,0,0
6,153.8,1,2,0,tablet,2,0
8,50.8,5,3,1,mobile,1,1
7,45.6,2,5,0,mobile,1,0
6,282.5,3,4,0,mobile,1,1
1,335.9,0,6,1,mobile,1,1
8,128.4,1,1,1,desktop,2,1
6,67.1,3,1,0,desktop,2,0
6,148.4,4,2,0,tablet,1,0
7,109.1,3,3,0,desktop,0,0
9,184.7,4,2,0,mobile,2,0
5,106.9,0,1,1,mobile,0,0
7,107.7,4,1,0,desktop,2,0
5,46.5,1,3,0,desktop,1,0
2,71.5,3,2,1,mobile,1,0
4,90.7,1,4,0,mobile,2,0
5,154.5,2,3,1,mobile,2,1
6,62.7,2,3,0,mobile,0,0
5,310.6,3,0,0,mobile,1,1
6,105.0,4,4,0,desktop,0,0
3,31.1,0,4,0,mobile,1,0
3,82.9,4,3,0,mobile,2,0
6,171.0,3,4,1,desktop,1,1
6,84.6,5,3,0,mobile,2,0
6,46.0,5,1,0,mobile,3,0
7,74.5,2,1,0,desktop,1,0
5,61.7,1,7,1,mobile,1,1
10,151.8,0,2,0,mobile,2,0
8,60.0,1,6,1,mobile,2,0
3,17.1,4,4,0,mobile,0,0
4,56.5,3,6,0,mobile,1,0
5,210.1,3,2,0,mobile,0,0
7,146.6,1,3,0,mobile,1,0
8,21.8,5,1,1,desktop,1,1
5,197.9,3,3,0,desktop,2,1
6,236.6,3,3,0,desktop,0,0
6,158.2,2,2,1,mobile,2,1
4,49.4,2,1,1,mobile,1,0
4,212.1,0,2,0,mobile,1,0
8,89.9,1,3,0,desktop,0,0
4,60.4,3,5,0,mobile,2,0
9,90.1,0,3,0,desktop,0,0
9,138.0,2,2,1,desktop,2,1
6,158.0,1,1,0,mobile,0,0
6,118.1,0,2,0,desktop,0,0
4,100.0,0,6,0,mobile,1,0
4,46.1,2,4,0,desktop,3,1
7,146.8,2,0,0,mobile,0,0
6,120.4,0,5,0,mobile,2,0
5,155.2,3,3,0,desktop,3,1
7,95.3,1,4,0,desktop,1,0
4,167.2,1,5,0,mobile,0,0
13,154.3,3,0,0,desktop,0,0
2,76.4,1,5,1,mobile,1,0
7,101.9,4,2,1,mobile,1,1
2,177.9,3,2,1,desktop,0,1
7,186.6,2,4,0,mobile,1,1
2,231.9,1,0,1,mobile,0,1
5,59.8,2,4,0,tablet,1,0
4,79.7,4,2,0,mobile,1,0
4,292.7,1,1,1,mobile,0,0
6,384.6,0,3,0,mobile,1,1
6,129.1,3,6,0,mobile,0,0
6,100.7,1,5,1,mobile,0,0
10,383.4,1,3,1,desktop,2,1
4,311.9,3,1,0,desktop,1,1
4,179.3,0,2,0,desktop,1,0
7,96.4,2,2,0,desktop,0,0
7,136.4,2,3,1,mobile,0,0
4,24.4,0,3,1,mobile,1,0
8,200.9,3,2,0,desktop,0,1
5,63.2,1,2,1,mobile,2,0
2,281.8,0,7,0,desktop,0,1
8,17.6,0,3,1,mobile,3,1
8,65.5,2,3,0,mobile,3,0
3,116.8,2,6,1,mobile,0,0
6,112.2,5,2,0,mobile,1,1
7,58.1,1,5,0,tablet,0,0
10,115.9,2,3,0,mobile,1,0
4,95.0,3,4,1,desktop,3,1
5,116.4,1,4,0,mobile,1,0
11,73.2,2,1,0,desktop,0,0
5,225.7,4,0,1,mobile,1,1
5,138.5,5,6,0,desktop,1,0
5,76.2,1,3,0,desktop,0,0
8,166.2,2,1,1,mobile,0,0
9,65.0,3,1,0,tablet,1,0
7,66.5,1,3,0,mobile,0,0
7,21.1,1,5,0,tablet,1,0
4,145.1,2,4,1,mobile,4,1
6,122.9,0,3,0,desktop,0,0
7,51.8,2,2,0,mobile,0,0
3,50.5,0,1,0,desktop,1,0
9,147.1,3,3,0,tablet,2,1
6,78.8,2,7,1,tablet,2,0
5,147.3,2,2,1,mobile,4,1
5,22.7,0,5,0,mobile,0,0
3,37.2,0,3,0,desktop,2,0
6,209.8,2,1,0,desktop,1,1
6,129.0,6,4,0,mobile,1,1
5,177.0,2,1,0,desktop,0,0
3,78.9,1,3,0,mobile,0,0
5,56.6,0,2,0,desktop,0,0
5,199.6,1,0,1,mobile,1,1
2,3.3,2,5,0,mobile,1,0
9,104.0,0,2,0,mobile,2,0
5,170.3,2,2,1,desktop,1,1
11,78.4,2,6,0,mobile,2,0
7,409.9,5,4,0,desktop,1,1
4,106.2,2,0,1,tablet,1,0
7,147.7,2,2,0,mobile,1,0
5,52.4,1,2,1,desktop,1,1
4,311.7,1,1,1,desktop,1,1
3,115.2,0,1,0,mobile,0,0
4,82.2,0,11,0,desktop,3,0
6,110.7,1,3,0,desktop,2,1
4,160.4,3,5,1,tablet,2,1
5,66.4,1,3,1,desktop,0,0
4,138.0,2,5,0,desktop,1,0
7,22.0,1,3,1,desktop,1,0
6,31.2,0,4,1,desktop,1,0
6,114.0,3,5,0,mobile,1,0
5,290.8,2,4,0,mobile,2,0
5,18.9,3,2,1,mobile,1,0
7,64.4,2,4,0,desktop,2,1
5,36.2,1,7,0,mobile,0,0
7,77.4,2,3,1,mobile,1,1
5,108.8,1,3,1,mobile,3,1
6,87.4,2,3,0,desktop,0,1
6,11.3,0,1,0,desktop,1,0
5,22.8,1,1,0,mobile,0,0
6,37.1,2,10,0,desktop,1,1
4,70.5,3,1,1,tablet,2,0
5,53.7,1,2,0,tablet,1,0
7,72.9,3,4,0,desktop,1,0
7,96.3,0,3,0,mobile,2,0
2,81.1,3,1,0,mobile,1,0
4,329.1,3,2,0,mobile,0,1
5,336.6,1,3,0,desktop,3,1
7,111.2,3,6,0,desktop,0,1
5,59.7,0,3,0,desktop,1,0
4,80.2,2,7,1,mobile,1,1
15,125.1,3,6,0,mobile,2,0
6,46.3,0,1,0,desktop,0,0
5,126.7,5,3,0,mobile,1,0
6,83.6,2,4,0,mobile,0,0
6,299.2,2,3,0,mobile,3,1
8,45.2,1,4,0,desktop,1,0
8,248.0,2,3,0,desktop,0,0
8,125.8,1,3,0,mobile,1,0
3,56.7,2,3,0,mobile,0,0
6,171.8,4,3,0,desktop,1,1
4,69.9,4,5,1,tablet,0,0
8,85.9,1,4,1,tablet,1,0
3,58.8,5,4,0,mobile,0,0
7,206.1,3,4,0,mobile,2,0
5,386.0,0,2,1,desktop,1,1
9,45.8,5,2,0,mobile,0,0
6,194.9,0,1,1,mobile,0,1
2,107.9,3,3,0,desktop,3,0
3,181.8,2,7,0,mobile,0,0
4,123.2,0,1,1,mobile,2,0
7,89.3,1,5,0,desktop,3,0
9,513.2,2,0,0,desktop,5,1
5,117.4,1,1,0,desktop,1,0
4,193.0,2,1,1,tablet,1,1
7,59.7,1,5,0,mobile,0,0
7,285.2,0,7,0,desktop,1,0
9,104.3,0,4,0,mobile,0,0
7,30.9,1,3,0,mobile,0,0
7,76.2,3,2,0,mobile,1,0
6,115.5,6,3,0,mobile,3,1
5,111.2,1,2,1,mobile,2,1
6,95.2,2,2,1,mobile,2,0
6,108.2,0,2,0,desktop,1,0
7,42.2,2,2,0,mobile,2,0
12,105.1,2,1,0,mobile,1,0
9,68.6,3,3,0,desktop,0,0
8,147.8,2,3,1,mobile,0,0
8,109.7,0,7,0,mobile,0,0
5,62.4,1,3,0,mobile,0,0
9,153.5,3,5,0,mobile,1,1
7,203.7,0,4,0,mobile,1,1
3,130.0,2,5,1,desktop,0,1
5,52.7,1,5,1,tablet,2,0
1,352.0,3,6,0,desktop,0,1
7,98.7,2,1,1,mobile,0,0
1,126.9,4,2,0,mobile,1,0
8,18.0,0,3,0,mobile,0,0
10,107.7,3,3,0,mobile,3,0
8,179.6,2,0,0,mobile,0,0
3,82.8,0,1,0,mobile,2,0
5,141.4,0,5,0,desktop,1,1
9,144.6,1,3,1,mobile,0,0
6,189.4,3,5,0,desktop,0,0
6,101.3,3,3,0,desktop,1,0
7,73.5,1,2,0,tablet,0,0
3,34.8,2,6,1,tablet,2,1
5,145.7,0,5,0,desktop,4,0
8,336.0,1,0,0,mobile,0,1
4,54.0,3,2,1,mobile,0,0
7,171.5,2,4,0,mobile,2,1
3,304.6,2,0,0,mobile,1,1
9,59.9,1,3,0,desktop,1,0
11,208.5,1,1,0,desktop,3,0
6,30.5,3,1,0,mobile,0,0
5,210.2,1,1,1,desktop,0,0
5,18.8,1,2,0,mobile,2,0
9,11.5,1,6,1,desktop,2,0
10,45.9,5,4,0,mobile,0,0
8,148.9,1,1,0,mobile,3,0
8,115.9,2,3,0,mobile,0,0
4,214.3,2,3,0,desktop,1,0
9,98.5,3,6,0,mobile,0,0
8,41.2,0,0,1,tablet,0,0
3,118.8,4,3,0,mobile,0,0
6,159.5,5,1,0,mobile,2,0
8,141.7,3,3,0,mobile,1,0
7,146.3,4,2,0,desktop,2,1
2,174.4,0,6,0,mobile,0,1
4,105.0,4,3,0,mobile,1,0
5,214.3,3,2,0,mobile,1,0
5,25.9,1,4,1,tablet,0,0
4,222.4,3,6,0,mobile,1,1
8,216.8,2,2,0,mobile,0,0
10,99.5,2,2,1,desktop,0,1
5,131.5,2,2,0,desktop,3,0
4,152.7,2,3,0,desktop,2,0
5,472.6,2,5,0,desktop,2,1
5,93.0,1,4,1,mobile,0,0
7,96.1,1,0,0,mobile,0,0
4,37.3,1,1,1,mobile,2,0
11,278.6,1,5,0,tablet,1,1
6,143.4,2,1,1,mobile,0,0
6,80.0,4,3,1,mobile,2,1
4,108.7,1,4,1,mobile,1,1
3,187.6,3,1,0,tablet,1,0
8,115.1,2,2,0,mobile,1,0
6,142.7,0,4,1,mobile,0,0
5,43.6,1,5,0,mobile,1,0
7,48.8,0,2,0,mobile,0,0
6,237.4,4,4,0,desktop,1,1
5,62.5,3,1,1,desktop,1,0
8,49.7,2,2,1,mobile,0,0
5,15.3,2,3,1,desktop,1,0
3,210.2,3,3,1,desktop,2,1
4,69.4,0,1,1,desktop,2,0
9,300.6,2,3,0,desktop,1,1
6,57.3,1,2,1,desktop,0,0
7,31.7,0,3,1,mobile,1,0
3,52.8,1,6,1,mobile,1,0
4,108.0,2,4,0,mobile,1,0
4,441.9,4,4,1,mobile,2,1
8,272.1,2,5,0,desktop,2,1
6,206.4,2,2,0,tablet,0,0
3,305.2,2,3,1,mobile,1,1
3,94.5,4,1,0,desktop,1,0
8,70.2,2,2,0,mobile,1,0
9,217.2,2,4,0,tablet,0,0
5,103.2,1,4,1,desktop,0,1
5,50.9,3,6,1,mobile,1,0
5,1.1,4,4,0,mobile,1,0
4,46.1,2,4,0,mobile,1,0
5,151.5,1,2,1,desktop,0,0
7,51.1,1,2,1,desktop,1,0
6,188.3,3,2,0,desktop,1,0
6,30.1,2,3,0,desktop,3,0
4,47.3,0,7,0,mobile,3,0
7,307.2,5,3,0,desktop,1,1
5,204.8,4,3,0,desktop,0,0
3,109.0,1,4,0,tablet,1,0
6,108.9,3,2,0,desktop,1,0
8,53.5,0,1,0,mobile,0,0
9,241.0,0,2,0,desktop,1,1
1,243.9,1,6,1,mobile,0,1
6,93.6,3,1,0,mobile,1,0
5,92.0,1,1,0,mobile,4,0
7,66.9,0,0,0,mobile,0,0
5,128.7,6,3,0,mobile,1,0
8,16.6,1,1,0,desktop,0,0
3,100.4,1,4,0,mobile,0,0
4,207.3,1,2,0,mobile,0,0
4,118.5,0,2,1,desktop,0,0
6,171.0,1,2,0,desktop,1,0
7,138.6,3,5,0,mobile,1,0
10,121.9,0,3,1,mobile,1,1
7,106.6,0,5,0,mobile,1,0
8,189.0,2,4,0,desktop,0,0
3,88.8,1,1,0,mobile,1,0
3,44.4,0,3,1,mobile,1,0
9,259.2,1,0,0,desktop,3,1
9,176.1,1,2,0,mobile,3,1
9,14.4,3,4,0,desktop,0,0
8,130.5,1,2,0,desktop,1,0
7,12.6,4,2,1,mobile,0,0
3,32.9,2,5,0,mobile,1,0
8,140.9,5,3,1,mobile,1,1
7,251.8,2,2,0,mobile,1,0
6,387.6,4,0,1,mobile,1,1
7,308.2,4,4,0,tablet,0,0
5,21.3,4,2,1,mobile,2,0
5,335.3,2,7,1,mobile,2,1
5,188.7,2,4,0,mobile,1,0
6,199.4,0,3,0,mobile,1,1
5,64.1,1,2,1,mobile,1,0
8,150.9,4,1,0,mobile,3,0
3,142.8,3,3,1,mobile,1,1
5,149.4,1,5,1,desktop,0,1
2,169.0,1,1,0,mobile,1,0
7,105.0,3,6,0,mobile,1,0
2,89.0,3,1,1,mobile,1,0
7,113.8,1,0,1,desktop,2,1
7,232.3,1,6,0,mobile,2,1
1,197.4,1,4,0,desktop,0,0
7,223.6,2,2,1,mobile,2,0
2,143.4,0,5,1,mobile,1,1
5,47.6,5,3,1,mobile,1,1
7,66.3,2,3,0,mobile,0,0
8,196.2,3,2,0,desktop,2,1
7,239.0,1,1,0,desktop,0,1
4,217.3,0,3,1,desktop,0,1
8,114.4,3,4,1,desktop,3,1
7,127.0,0,4,0,desktop,0,0
6,116.7,1,6,0,desktop,0,0
8,26.8,3,1,0,desktop,1,0
5,42.4,2,2,1,mobile,1,1
8,164.4,1,2,0,desktop,1,0
2,83.9,1,6,1,mobile,0,0
3,12.1,4,3,0,mobile,1,0
3,118.5,7,4,0,desktop,2,1
7,46.0,1,3,0,tablet,0,0
9,40.5,1,3,0,mobile,0,0
7,25.8,0,5,0,mobile,0,0
1,56.1,3,2,1,mobile,1,0
11,7.6,0,4,0,mobile,0,0
3,45.9,1,3,1,mobile,0,0
6,165.7,4,4,0,mobile,1,1
9,138.7,2,2,0,desktop,0,0
6,218.1,2,3,0,mobile,2,1
5,147.6,5,0,0,mobile,0,0
4,4.9,4,5,0,mobile,1,0
8,82.2,0,3,1,desktop,0,0
8,76.7,1,3,0,desktop,0,0
4,41.6,0,2,0,desktop,0,0
4,25.9,1,1,0,tablet,0,0
3,158.4,1,6,1,mobile,1,1
3,100.5,4,2,1,mobile,0,1
8,35.9,2,5,1,mobile,0,0
5,22.6,3,5,0,tablet,1,0
2,191.7,5,1,0,mobile,1,1
4,168.5,2,7,0,desktop,1,0
11,171.7,1,4,0,mobile,1,1
4,163.6,1,3,1,mobile,1,1
7,163.5,2,6,0,tablet,1,0
5,150.5,2,5,0,mobile,2,0
6,62.0,1,3,0,desktop,2,0
4,161.8,2,2,0,mobile,0,0
8,112.6,0,1,1,desktop,2,0
6,47.3,4,3,1,mobile,0,0
3,102.0,2,1,0,desktop,0,0
7,239.0,3,2,1,mobile,2,1
4,127.7,2,2,0,mobile,0,0
3,140.0,2,2,1,mobile,1,1
8,38.8,1,2,0,mobile,1,0
7,50.0,3,0,0,mobile,0,0
4,112.9,1,3,0,mobile,1,0
6,89.9,2,7,1,mobile,1,1
8,79.2,2,1,0,desktop,3,0
5,39.3,1,8,0,tablet,1,0
5,49.0,0,3,0,mobile,1,0
4,24.0,2,5,1,desktop,3,0
7,66.3,2,0,0,mobile,0,0
5,90.4,4,7,0,mobile,0,0
6,95.8,4,4,0,mobile,2,1
8,233.5,1,4,0,desktop,1,1
5,11.1,3,3,0,tablet,0,0
4,327.3,1,2,0,desktop,0,1
2,163.8,1,3,0,mobile,2,0
6,108.2,2,1,1,mobile,0,0
9,45.6,2,2,0,mobile,1,0
6,69.8,5,5,1,tablet,2,1
6,161.2,2,2,0,desktop,0,0
4,53.5,1,2,0,desktop,0,0
4,172.3,1,5,0,desktop,2,1
7,100.2,3,0,0,desktop,0,0
6,99.9,3,3,0,desktop,0,0
8,161.5,2,1,0,desktop,1,0
7,36.0,1,2,0,desktop,0,0
9,77.6,2,2,0,mobile,0,0
9,90.9,4,2,0,tablet,1,1
9,156.0,2,2,1,desktop,2,1
10,220.0,3,2,0,mobile,1,1
6,33.1,1,1,0,desktop,1,0
4,100.9,2,4,0,desktop,2,0
5,30.6,2,3,1,mobile,0,0
6,100.2,4,1,0,desktop,0,0
7,140.7,0,3,1,mobile,1,0
8,69.8,3,0,0,mobile,0,0
5,227.9,2,1,0,mobile,2,0
7,142.0,3,2,1,mobile,0,1
14,134.1,2,2,1,desktop,0,1
4,111.1,3,2,1,mobile,2,1
8,159.6,1,3,0,desktop,0,0
8,240.6,3,1,1,mobile,1,1
3,116.4,3,2,0,mobile,0,0
6,73.1,0,6,0,mobile,0,0
3,433.7,2,4,0,desktop,0,1
5,114.2,1,4,0,desktop,3,0
4,90.3,3,3,0,mobile,0,0
4,153.7,1,3,0,desktop,2,0
2,16.3,3,3,0,mobile,2,0
8,30.8,1,4,0,desktop,0,0
5,12.1,3,2,0,desktop,1,0
10,15.5,1,5,0,mobile,1,0
5,42.7,3,3,0,desktop,1,0
7,69.9,2,3,0,desktop,0,0
4,67.2,1,6,0,desktop,0,0
9,92.3,3,2,0,desktop,2,1
7,128.6,1,4,1,mobile,0,0
6,72.1,2,3,0,mobile,2,0
4,131.9,2,0,0,tablet,0,0
12,239.1,1,3,0,mobile,1,1
8,361.4,2,4,0,desktop,1,1
7,267.9,1,2,0,mobile,0,0
7,329.5,5,2,0,desktop,0,1
7,93.9,2,4,1,mobile,0,1
7,18.3,1,4,0,mobile,2,0
6,87.5,2,1,1,mobile,0,0
9,39.1,4,4,0,tablet,1,1
7,94.9,2,4,1,mobile,0,1
9,30.4,1,2,1,mobile,0,0
14,109.2,3,1,0,mobile,2,1
5,51.1,2,5,1,desktop,2,1
2,50.7,0,3,0,mobile,2,0
5,220.0,0,5,1,mobile,2,1
3,111.6,1,3,0,mobile,1,0
8,99.4,3,1,1,mobile,1,1
5,182.8,1,2,1,mobile,0,1
6,130.0,0,1,1,mobile,1,1
9,180.3,0,3,0,mobile,1,0
7,88.8,0,3,0,mobile,2,0
6,172.2,2,7,0,mobile,0,0
3,19.9,3,1,1,mobile,1,0
7,87.5,1,3,1,desktop,2,0
6,122.7,2,2,0,desktop,1,0
7,69.6,2,1,0,mobile,3,0
4,90.2,1,2,0,desktop,0,0
7,187.7,5,2,0,mobile,2,1
7,191.9,3,4,0,mobile,1,1
5,122.2,3,4,0,desktop,0,0
8,247.6,1,3,0,mobile,1,0
5,37.6,2,4,0,mobile,1,0
1,80.2,2,4,1,tablet,0,0
10,82.6,4,1,0,mobile,0,0
2,231.9,0,1,1,mobile,2,1
7,142.1,1,3,1,desktop,0,1
5,277.3,2,3,0,desktop,1,1
6,21.2,5,4,0,mobile,2,0
7,124.9,2,2,0,mobile,0,0
9,101.0,2,4,0,mobile,1,1
5,5.0,1,4,1,desktop,2,0
6,49.8,1,6,1,mobile,1,0
11,37.9,3,3,1,desktop,1,1
6,141.0,1,3,0,mobile,1,0
8,224.3,3,3,0,desktop,0,1
7,74.3,1,3,0,desktop,1,1
5,36.4,0,4,0,mobile,0,0
4,29.7,3,1,0,desktop,1,0
6,287.2,0,4,0,mobile,1,1
5,55.5,1,4,0,desktop,0,0
5,1.4,0,4,1,desktop,0,0
6,61.1,2,2,1,desktop,1,1
3,20.5,3,4,0,desktop,2,0
8,104.7,1,1,0,mobile,0,0
4,96.9,2,1,1,mobile,0,0
6,73.8,1,3,0,desktop,1,0
7,24.3,1,6,0,mobile,0,0
9,94.3,1,6,0,mobile,1,0
6,82.7,4,2,0,mobile,0,0
4,90.3,2,0,0,desktop,0,0
4,66.9,1,3,1,desktop,1,1
6,163.8,1,2,1,mobile,2,1
8,195.6,2,2,0,mobile,1,0
6,29.6,1,3,0,mobile,2,0
6,155.7,1,5,0,mobile,0,0
11,203.6,1,2,0,desktop,1,1
3,385.4,3,2,0,mobile,0,1
7,111.0,1,2,0,mobile,1,0
8,67.9,2,2,1,mobile,1,1
5,175.1,2,4,0,mobile,3,0
12,69.0,2,4,0,mobile,3,0
6,211.6,4,4,1,tablet,1,1
5,89.5,2,3,0,desktop,2,1
2,51.2,3,2,1,mobile,2,0
12,105.9,4,0,0,mobile,2,1
4,80.4,2,1,1,mobile,0,0
3,74.6,1,2,0,desktop,2,0
8,12.5,4,3,0,desktop,0,0
6,201.1,2,2,0,mobile,1,1
2,200.2,2,4,0,mobile,1,0
7,137.7,2,6,0,mobile,0,0
5,146.3,1,5,1,mobile,1,0
10,43.5,1,1,0,mobile,0,0
5,5.5,1,2,0,desktop,7,0
10,114.3,5,4,1,tablet,1,1
6,88.2,1,1,1,desktop,1,0
3,112.4,1,2,0,desktop,0,0
9,3.3,3,2,0,mobile,2,0
3,159.8,3,1,1,desktop,2,1
8,42.9,0,8,1,desktop,2,0
10,34.8,1,0,0,mobile,1,0
4,307.7,3,2,0,desktop,0,1
4,258.9,3,3,1,mobile,1,1
7,12.2,1,2,0,tablet,0,0
8,52.9,2,3,0,mobile,2,0
3,75.2,1,4,0,mobile,2,0
10,238.2,2,1,0,mobile,0,0
6,168.9,5,1,1,mobile,2,0
6,25.4,0,3,0,desktop,2,0
4,104.4,2,4,0,mobile,1,0
7,75.6,3,3,0,desktop,0,0
7,77.6,1,1,0,tablet,1,0
5,56.8,3,5,0,tablet,3,0
7,76.0,0,2,1,desktop,0,0
9,156.0,2,2,0,tablet,0,1
5,83.8,6,1,0,mobile,0,0
7,90.4,4,1,0,tablet,0,0
5,169.7,1,4,0,mobile,0,0
10,131.9,1,5,1,mobile,0,1
6,170.8,2,3,0,mobile,1,0
8,44.0,3,4,0,desktop,1,0
3,98.4,1,1,0,mobile,0,0
5,95.9,3,1,0,mobile,0,0
5,84.8,5,6,1,desktop,1,1
8,72.8,0,7,0,mobile,1,0
4,252.9,4,2,0,mobile,2,1
5,66.5,2,10,0,mobile,1,0
4,211.1,1,7,0,mobile,2,1
4,336.9,4,2,1,desktop,0,1
3,35.8,4,3,0,mobile,3,0
11,24.7,2,1,0,tablet,2,0
4,9.7,4,1,0,desktop,0,0
3,209.0,1,2,0,mobile,1,0
7,212.9,3,5,0,mobile,1,1
5,37.9,2,4,1,tablet,0,0
7,172.8,1,3,0,mobile,0,0
3,49.4,2,0,0,desktop,2,0
5,101.2,2,2,0,mobile,1,0
10,199.5,2,2,1,desktop,1,1
11,132.8,1,4,0,mobile,2,0
6,45.1,6,3,0,desktop,0,0
3,106.3,2,5,0,desktop,2,0
4,71.7,2,5,0,mobile,0,0
8,171.3,1,6,0,mobile,2,1
7,130.0,1,4,1,desktop,0,0
5,129.2,1,1,0,desktop,1,0
3,42.5,2,3,1,tablet,2,0
8,41.3,0,9,0,mobile,1,0
7,112.0,3,2,0,desktop,2,0
8,188.0,2,3,0,desktop,0,0
8,288.3,4,1,0,mobile,0,0
4,15.8,3,4,0,desktop,1,0
4,102.0,1,2,0,mobile,1,0
5,200.3,1,5,0,desktop,1,1
6,159.9,4,2,0,tablet,0,0
3,126.2,0,2,0,mobile,0,0
5,198.0,2,9,0,mobile,1,0
8,38.8,2,2,0,desktop,1,0
6,163.7,2,6,0,desktop,2,0
7,207.3,1,2,0,mobile,3,1
5,32.8,4,5,0,mobile,1,0
10,130.1,5,1,0,mobile,2,1
3,172.6,1,3,1,mobile,1,1
7,183.6,3,3,0,desktop,1,1
5,14.1,2,2,0,desktop,3,0
4,58.1,2,4,0,desktop,0,0
7,4.4,3,3,0,mobile,0,0
8,251.3,2,5,0,mobile,0,1
9,74.9,3,5,0,mobile,1,0
10,39.0,1,6,1,mobile,0,0
6,35.2,1,1,0,tablet,0,0
5,60.8,0,3,0,mobile,1,0
4,207.6,2,3,0,mobile,0,0
8,44.0,1,0,0,desktop,2,0
5,274.7,1,1,0,tablet,1,1
9,25.2,2,1,0,mobile,0,0
9,401.2,2,1,0,mobile,2,1
2,62.0,1,2,1,mobile,5,0
6,279.2,2,2,1,mobile,2,1
5,251.7,0,3,1,mobile,1,1
4,250.9,2,3,1,desktop,1,1
3,93.8,0,1,0,desktop,1,0
9,29.3,1,4,0,mobile,0,0
9,119.7,2,0,0,desktop,1,0
4,48.9,1,4,0,mobile,0,0
5,252.5,2,2,0,desktop,0,1
13,114.9,0,2,0,desktop,1,1
4,102.3,1,0,0,mobile,1,0
4,51.8,0,5,0,mobile,1,0
5,69.0,1,3,0,tablet,1,0
4,151.8,1,4,0,desktop,2,1
5,133.6,2,2,0,mobile,0,0
7,172.8,0,2,1,mobile,2,1
5,182.9,0,1,1,mobile,2,1
4,194.9,3,5,0,mobile,1,1
9,34.1,2,4,0,mobile,3,0
3,138.4,2,3,0,desktop,0,0
4,131.4,4,3,0,mobile,0,0
8,24.1,2,4,0,mobile,4,0
4,144.6,4,3,1,mobile,2,1
8,249.5,1,3,0,mobile,2,1
6,147.3,2,6,0,desktop,1,1
3,26.7,4,4,0,desktop,2,0
10,49.1,0,6,0,mobile,0,0
5,124.5,2,4,1,mobile,1,1
4,41.8,3,4,0,desktop,0,0
2,156.1,1,2,1,tablet,1,1
3,103.5,2,4,0,mobile,1,0
7,191.6,1,3,1,mobile,1,1
11,80.1,4,1,0,desktop,1,0
7,126.7,3,2,1,mobile,1,1
7,55.8,1,2,0,mobile,4,0
3,352.7,2,8,0,mobile,1,1
5,100.3,4,1,0,mobile,1,0
6,32.3,1,5,0,tablet,1,0
9,211.3,2,4,1,desktop,2,1
6,77.7,2,2,0,mobile,1,0
4,203.8,1,1,1,tablet,2,1
2,78.9,2,6,0,mobile,1,0
8,41.2,1,1,1,desktop,1,1
8,98.8,2,4,0,desktop,2,0
5,30.2,0,1,0,desktop,1,0
5,76.2,1,2,0,mobile,0,0
5,185.9,2,5,1,tablet,0,1
10,141.7,7,2,0,mobile,1,1
2,111.6,3,2,1,desktop,1,1
4,78.0,2,3,1,desktop,1,0
5,261.4,3,5,0,desktop,0,1
4,114.1,2,7,1,mobile,4,1
4,56.6,1,6,1,desktop,1,0
9,181.6,5,4,0,mobile,2,1
12,150.3,1,0,0,desktop,0,0
5,48.9,2,4,0,desktop,0,0
3,228.4,1,2,0,mobile,0,1
4,116.6,5,5,0,mobile,1,0
5,128.2,1,5,1,mobile,0,0
3,238.7,0,2,0,mobile,1,0
8,27.2,1,1,0,desktop,0,0
3,51.6,2,3,0,tablet,0,0
12,241.3,1,2,0,desktop,0,1
6,48.1,1,1,1,desktop,2,0
6,102.4,0,0,0,tablet,2,0
5,264.9,2,4,1,mobile,0,1
5,37.5,3,1,0,mobile,2,0
5,12.0,2,3,1,desktop,2,1
4,33.1,1,3,1,mobile,2,1
6,101.3,1,7,0,tablet,0,0
10,84.3,4,3,1,desktop,1,1
6,76.9,0,3,1,tablet,2,0
3,71.0,2,4,0,mobile,1,0
7,47.5,0,3,0,mobile,0,0
8,73.1,2,3,1,desktop,2,0
6,137.1,3,3,1,mobile,3,0
8,170.6,3,3,0,desktop,1,0
8,147.7,1,2,0,desktop,0,0
9,71.7,3,1,0,desktop,2,0
8,85.2,3,1,0,mobile,2,1
4,186.2,2,1,0,desktop,0,0
5,184.4,3,1,1,desktop,1,1
5,332.2,3,2,1,desktop,0,1
4,77.5,3,6,0,desktop,0,0
8,30.8,4,5,0,tablet,2,0
8,107.2,0,3,0,mobile,2,0
4,153.8,1,7,0,tablet,1,0
8,195.0,5,4,0,mobile,1,1
9,65.0,4,4,0,desktop,1,0
4,121.0,2,2,1,tablet,1,1
5,165.8,2,4,0,desktop,2,1
8,100.4,0,5,0,mobile,1,0
2,84.4,1,2,0,mobile,0,0
5,138.9,5,3,1,desktop,1,1
3,11.0,1,4,0,mobile,5,0
3,79.3,2,2,0,desktop,0,0
6,367.9,4,6,1,desktop,0,1
7,132.7,3,4,0,tablet,0,0
6,374.6,2,3,0,mobile,1,1
5,113.8,0,3,0,mobile,0,0
6,227.4,3,2,0,mobile,1,1
8,70.7,3,2,0,mobile,0,0
5,79.5,3,3,0,mobile,2,0
3,58.3,4,4,0,mobile,1,0
10,215.8,6,3,0,tablet,0,0
5,46.2,1,5,0,desktop,0,0
4,16.9,3,0,0,mobile,0,0
5,198.5,2,7,0,mobile,0,0
5,42.1,3,0,0,desktop,1,0
7,178.4,4,6,0,desktop,1,1
5,83.2,3,3,0,mobile,0,0
7,503.3,0,3,0,desktop,3,1
10,330.9,1,1,0,mobile,2,1
4,591.8,2,4,0,mobile,1,1
4,37.5,0,5,1,desktop,0,0
9,99.8,2,4,1,desktop,0,0
7,16.7,1,2,0,tablet,2,0
2,143.6,5,4,0,mobile,1,0
8,42.1,3,4,0,mobile,4,0
6,104.7,4,2,0,mobile,0,0
8,7.8,4,5,0,mobile,1,0
6,8.7,0,2,1,mobile,0,0
3,48.1,6,8,1,mobile,1,1
7,55.1,0,2,0,desktop,0,0
8,261.9,3,1,0,mobile,1,1
6,73.4,1,5,0,mobile,1,0
7,154.7,2,5,0,desktop,1,1
6,14.9,2,2,0,tablet,1,0
7,128.3,0,4,0,mobile,1,0
4,121.7,1,5,0,mobile,0,0
5,173.1,2,2,1,mobile,0,0
6,117.6,4,2,0,mobile,1,0
9,353.4,0,2,0,mobile,0,1
11,76.9,1,4,0,tablet,2,0
6,44.8,1,2,0,desktop,1,0
4,179.3,1,3,0,desktop,0,0
8,129.9,4,1,0,mobile,1,1
3,46.6,4,2,0,mobile,2,0
7,156.7,4,3,0,desktop,6,1
7,218.9,3,6,0,desktop,2,1
7,134.1,3,3,1,desktop,1,1
6,117.5,3,3,0,mobile,0,0
1,25.8,2,3,0,mobile,0,0
7,75.0,2,2,0,mobile,1,0
5,43.8,2,2,0,tablet,0,0
7,159.8,0,6,0,desktop,2,1
4,26.7,1,6,0,mobile,1,0
7,29.3,3,3,1,tablet,3,0
4,39.7,1,3,0,tablet,0,0
6,52.3,1,4,1,mobile,0,0
3,35.4,0,4,0,desktop,0,0
5,72.2,3,5,1,mobile,1,0
8,78.2,1,2,1,mobile,0,0
7,200.4,0,1,0,mobile,0,0
8,45.2,2,4,0,desktop,2,0
7,53.9,1,1,0,desktop,1,0
3,152.2,2,3,0,mobile,0,0
1,175.8,1,3,1,desktop,0,0
5,110.4,2,5,0,desktop,0,1
6,151.5,2,2,1,desktop,1,1
3,15.9,6,4,0,mobile,1,0
4,186.4,4,3,0,tablet,0,0
7,96.4,2,2,0,mobile,1,0
10,155.5,3,4,0,mobile,1,1
7,119.3,0,3,0,tablet,5,0
5,70.1,0,2,0,desktop,4,0
3,134.0,0,1,1,desktop,3,1
7,61.6,1,0,0,mobile,0,0
8,398.3,3,0,0,desktop,0,1
3,23.3,4,4,0,tablet,0,0
7,183.0,1,2,1,mobile,1,0
9,127.1,2,1,0,mobile,0,0
5,99.5,2,2,0,mobile,1,0
7,51.6,3,1,0,mobile,0,0
7,131.8,1,7,0,desktop,1,0
2,96.9,1,3,0,mobile,0,0
8,20.2,1,1,0,mobile,1,0
7,159.5,2,2,0,mobile,0,0
6,134.9,2,1,1,desktop,1,0
4,44.6,1,6,0,mobile,0,0
8,206.8,2,2,1,desktop,0,1
5,198.5,3,8,1,desktop,1,1
3,33.1,1,0,0,desktop,1,0
8,135.4,1,1,0,desktop,1,0
6,174.2,1,1,0,tablet,1,0
9,25.4,3,1,1,desktop,0,0
8,11.7,5,3,0,tablet,1,1
6,81.6,1,2,1,mobile,0,0
5,63.4,4,5,0,desktop,1,0
4,95.0,3,2,0,mobile,0,0
10,297.0,1,3,1,desktop,0,1
5,177.4,2,2,0,desktop,3,1
9,54.4,5,6,0,mobile,0,0
5,115.1,0,6,0,desktop,1,0
3,105.4,2,4,0,desktop,3,0
3,195.3,2,7,0,desktop,1,1
6,182.2,2,1,0,mobile,2,0
9,94.4,2,4,1,mobile,1,0
6,155.0,3,5,0,desktop,2,0
7,219.7,2,2,0,mobile,1,1
4,161.8,3,3,0,desktop,0,0
6,53.4,2,2,1,tablet,0,0
9,54.7,0,4,0,mobile,1,0
5,20.7,2,0,1,desktop,3,1
6,51.6,2,5,0,desktop,1,0
2,57.1,1,2,0,mobile,0,0
6,7.9,4,1,0,tablet,0,0
7,36.7,1,1,0,mobile,1,0
4,29.5,3,2,1,mobile,0,0
7,69.0,4,1,0,desktop,1,0
6,108.5,4,6,1,desktop,1,0
6,50.0,0,4,0,mobile,0,0
7,271.5,1,2,0,mobile,2,1
7,36.0,3,3,0,mobile,1,0
8,6.1,1,4,0,tablet,1,0
7,91.1,1,2,0,mobile,1,1
6,170.3,3,3,0,desktop,0,1
7,66.7,2,2,0,mobile,0,0
7,73.0,2,2,0,desktop,0,1
6,329.8,3,3,0,desktop,0,1
11,180.3,0,3,0,mobile,2,1
5,116.4,0,3,1,mobile,1,0
9,95.4,1,2,1,mobile,2,1
7,10.4,2,1,1,desktop,0,0
5,232.9,1,4,0,tablet,1,1
6,96.1,0,0,0,tablet,1,0
5,25.6,1,5,0,mobile,2,0
7,150.2,0,5,1,desktop,0,1
3,185.0,2,0,0,mobile,0,0
3,71.3,3,2,0,tablet,0,0
10,59.0,0,2,1,desktop,1,0
2,84.6,2,2,0,tablet,0,0
4,48.7,1,3,1,mobile,1,0
5,35.0,2,2,0,desktop,1,0
4,91.8,1,4,0,desktop,1,0
3,179.1,1,4,0,mobile,1,0
7,309.7,0,1,1,tablet,0,1
3,96.2,1,3,1,mobile,0,0
8,273.1,1,3,0,tablet,1,1
11,33.9,0,2,1,desktop,0,1
2,173.7,0,5,0,desktop,0,0
3,70.2,2,3,0,mobile,1,1
5,391.1,2,4,1,mobile,0,1
5,54.0,4,3,0,desktop,1,0
9,115.9,0,3,1,desktop,1,1
7,18.7,3,6,0,tablet,1,0
3,65.2,3,0,1,mobile,2,0
7,198.1,1,4,0,desktop,0,1
9,169.0,4,4,0,desktop,3,1
9,116.8,0,0,0,tablet,0,0
3,174.8,1,1,0,mobile,2,1
6,89.2,4,1,0,mobile,1,0
5,291.9,2,3,0,mobile,1,1
4,17.3,2,2,0,desktop,0,0
9,114.0,1,3,1,desktop,0,0
4,21.2,4,0,1,mobile,1,0
8,37.2,1,4,1,mobile,2,0
3,60.9,1,8,0,desktop,1,0
2,72.1,2,7,0,mobile,1,0
6,90.4,1,3,0,mobile,0,0
5,91.3,1,4,0,mobile,0,0
5,57.5,4,2,0,mobile,0,0
5,97.7,1,3,0,mobile,1,0
4,28.7,2,2,0,desktop,0,0
1,183.1,2,2,0,mobile,1,0
3,154.0,1,8,1,mobile,1,0
4,289.0,4,3,1,desktop,0,1
5,134.7,0,0,1,desktop,1,0
3,147.3,0,5,1,mobile,0,0
7,145.3,2,2,0,mobile,1,0
6,44.7,2,2,0,mobile,0,0
2,113.2,2,3,0,mobile,2,0
9,67.5,2,9,0,mobile,2,0
7,122.4,1,2,0,desktop,1,1
2,137.7,4,3,0,mobile,0,0
10,167.3,2,5,0,mobile,0,1
4,144.8,3,1,1,mobile,1,1
10,147.7,3,3,0,desktop,0,0
5,71.2,1,3,0,mobile,0,0
4,140.3,2,3,1,mobile,1,1
8,101.9,2,2,0,mobile,0,0
6,220.0,1,2,1,desktop,2,1
7,77.3,2,6,0,desktop,1,0
4,22.4,2,4,1,mobile,0,0
8,53.0,1,1,1,mobile,1,0
6,35.5,2,4,0,mobile,1,0
9,125.1,2,6,0,mobile,2,0
8,180.6,2,4,1,tablet,1,1
4,31.1,0,2,1,mobile,1,0
6,152.7,1,2,0,mobile,0,0
10,144.6,2,4,0,mobile,1,0
6,279.3,2,2,1,desktop,0,1
7,204.2,0,5,0,desktop,0,0
5,53.1,1,4,1,desktop,0,1
7,71.7,3,4,0,desktop,1,0
7,77.4,1,3,0,desktop,0,0
6,252.8,2,1,0,mobile,0,1
7,292.0,2,2,0,mobile,4,1
5,140.6,1,4,0,tablet,1,1
5,25.0,2,3,0,mobile,0,0
8,86.2,2,4,1,mobile,0,0
8,377.4,3,1,1,tablet,0,1
6,104.3,2,5,1,mobile,0,0
4,96.3,1,0,0,mobile,2,0
4,229.1,2,5,0,desktop,0,0
4,18.5,1,2,1,mobile,0,0
3,26.5,1,2,0,mobile,1,0
7,246.2,0,2,0,mobile,2,0
4,158.1,2,2,0,mobile,1,0
4,154.1,3,2,0,mobile,0,0
12,13.7,2,1,0,desktop,3,0
5,57.4,0,3,0,desktop,0,0
11,143.8,1,5,0,mobile,3,1
9,34.8,2,3,0,mobile,4,0
4,135.9,2,4,1,tablet,0,1
8,35.8,3,0,1,mobile,0,0
6,22.8,2,2,0,desktop,0,0
4,139.9,1,5,0,desktop,0,0
6,104.6,1,1,0,mobile,0,0
7,87.2,2,1,0,mobile,2,0
6,94.0,4,3,0,desktop,0,0
6,94.1,0,0,0,desktop,1,0
3,16.7,1,4,1,desktop,1,0
7,179.9,2,5,0,desktop,0,0
6,236.3,2,1,0,desktop,1,0
5,310.9,5,3,0,mobile,1,1
8,122.7,2,3,1,desktop,0,1
6,22.8,2,3,0,mobile,1,0
7,175.9,1,5,0,tablet,1,1
7,109.3,0,1,0,desktop,1,0
7,115.8,1,5,0,mobile,1,0
4,44.4,1,6,0,mobile,0,0
6,135.5,3,3,0,mobile,3,0
5,180.0,0,4,0,mobile,0,0
9,110.2,8,4,0,mobile,2,1
4,65.2,3,4,0,desktop,0,0
3,69.9,2,4,1,mobile,1,0
2,118.1,1,3,0,desktop,0,0
8,67.2,2,2,0,mobile,0,0
4,32.2,3,2,0,desktop,3,0
3,173.8,2,4,0,desktop,2,0
5,100.6,3,3,1,mobile,1,1
7,111.5,0,3,0,mobile,2,0
3,55.0,1,2,1,mobile,1,0
8,32.1,1,7,0,desktop,1,0
5,47.0,2,3,0,tablet,1,0
11,62.0,2,7,0,mobile,1,0
9,66.5,4,2,0,mobile,1,1
7,88.0,3,1,1,desktop,0,0
8,196.3,2,4,1,mobile,2,1
4,161.5,2,1,0,mobile,1,0
5,152.4,1,3,0,mobile,2,0
9,33.5,0,5,0,mobile,1,0
6,145.6,3,2,0,mobile,1,0
5,192.8,2,6,0,mobile,0,1
5,66.0,0,1,0,desktop,2,0
6,31.4,2,3,0,desktop,2,0
6,138.0,3,3,0,mobile,1,0
5,159.4,3,2,0,mobile,1,0
4,95.1,2,0,1,mobile,0,0
7,178.1,3,4,0,desktop,0,0
9,100.4,3,4,0,desktop,1,0
6,41.7,1,3,0,mobile,3,1
6,99.2,2,7,0,mobile,1,0
4,108.4,1,1,1,desktop,1,1
6,93.8,1,5,1,desktop,1,1
6,25.1,1,1,0,desktop,1,0
11,272.2,1,3,0,mobile,0,1
5,376.3,2,3,1,desktop,2,1
5,79.4,0,6,0,mobile,1,0
10,86.0,1,3,1,mobile,1,1
6,100.0,5,6,0,mobile,1,1
5,90.0,2,5,0,desktop,1,0
3,42.6,1,1,1,tablet,0,0
5,169.0,2,1,0,mobile,1,0
5,174.8,1,2,1,tablet,0,1
6,88.3,3,1,0,desktop,2,0
3,83.8,1,6,1,mobile,2,1
9,81.9,1,5,0,desktop,0,0
4,166.0,3,6,0,mobile,1,0
6,98.3,2,1,0,mobile,2,0
5,78.6,2,2,0,mobile,3,0
6,32.1,2,0,1,mobile,1,1
8,184.8,0,2,1,desktop,1,1
7,51.5,0,3,0,desktop,2,0
8,31.4,1,5,0,mobile,0,0
4,146.1,3,3,0,mobile,0,0
9,97.4,3,5,0,desktop,1,0
4,389.4,1,2,1,desktop,1,0
7,27.4,1,4,0,mobile,3,0
7,59.6,1,2,1,mobile,4,0
7,145.9,0,4,0,mobile,0,0
4,93.6,3,1,1,desktop,0,0
2,109.7,1,1,0,desktop,1,0
7,109.5,4,2,1,mobile,0,0
6,17.7,5,3,0,desktop,0,0
3,115.0,1,3,1,mobile,1,1
5,161.9,4,3,0,desktop,2,0
11,45.3,3,6,1,desktop,0,0
4,47.9,3,2,1,desktop,0,0
12,67.5,0,4,1,desktop,0,1
3,30.5,4,3,0,mobile,1,0
4,40.7,6,1,0,mobile,5,1
4,101.5,1,2,0,desktop,4,0
3,222.8,3,2,0,desktop,0,1
4,61.4,0,0,0,mobile,0,0
7,288.4,1,0,1,tablet,2,1
7,60.5,3,6,0,mobile,3,0
8,172.4,2,2,0,mobile,2,1
4,50.4,4,3,1,mobile,1,0
6,127.2,1,1,1,tablet,2,1
3,263.0,1,7,1,mobile,0,0
6,148.7,5,3,0,tablet,0,0
5,86.3,1,2,1,desktop,0,0
2,82.0,0,2,0,mobile,1,0
4,128.5,2,3,0,desktop,0,0
4,158.4,1,4,0,desktop,3,0
9,171.2,5,2,0,desktop,0,0
11,102.6,2,4,0,mobile,1,0
5,124.9,5,3,0,mobile,0,0
6,48.5,4,4,1,mobile,1,0
7,137.2,2,5,1,mobile,0,1
4,51.1,1,2,1,mobile,2,0
12,110.7,2,3,1,desktop,1,1
6,73.5,2,2,0,mobile,1,1
6,244.9,4,3,0,mobile,2,1
4,101.9,1,2,0,mobile,1,0
8,262.5,0,3,0,tablet,2,1
3,94.5,4,4,0,desktop,1,0
6,292.9,1,8,0,desktop,0,1
5,141.8,4,1,1,mobile,0,1
7,18.9,1,3,1,mobile,2,0
5,74.7,5,3,0,desktop,1,1
6,55.4,1,3,0,desktop,2,0
4,32.8,1,2,0,mobile,1,0
6,52.8,0,6,1,desktop,1,0
7,63.0,1,1,0,mobile,1,0
4,20.7,4,3,0,mobile,3,0
8,85.1,3,5,0,desktop,0,0
5,137.2,3,5,1,tablet,2,1
3,395.9,2,3,0,mobile,0,1
13,229.1,3,3,1,desktop,2,1
5,82.7,2,3,0,desktop,0,0
3,99.9,1,4,0,desktop,0,0
8,146.5,5,2,0,mobile,1,0
2,87.6,1,1,0,desktop,1,0
1,103.4,1,6,0,desktop,1,0
4,52.8,1,3,1,mobile,0,0
11,96.9,0,5,0,desktop,0,0
3,107.0,2,4,0,mobile,1,0
10,33.8,6,3,0,mobile,2,0
4,143.8,2,3,0,mobile,0,0
7,148.8,2,2,0,desktop,2,0
6,153.1,2,2,0,mobile,2,0
4,53.7,2,2,0,desktop,0,0
9,262.8,5,2,0,mobile,0,1
5,75.2,0,2,0,desktop,0,0
6,36.7,1,3,0,desktop,0,0
5,250.9,2,5,0,tablet,1,1
5,43.6,3,3,1,mobile,2,0
4,122.5,1,2,0,mobile,1,0
6,60.9,1,5,0,desktop,1,0
4,24.2,3,4,1,mobile,1,0
8,42.4,4,5,1,mobile,2,0
3,231.8,1,7,0,desktop,0,0
8,100.5,3,3,1,mobile,2,1
5,65.8,2,2,0,mobile,1,0
4,79.3,0,2,0,desktop,1,1
4,37.7,2,4,0,mobile,0,0
9,49.3,2,3,0,desktop,0,0
11,171.9,1,2,0,mobile,2,1
6,115.1,1,3,1,mobile,0,1
9,96.5,3,9,0,mobile,0,0
2,84.7,1,1,1,desktop,1,0
7,21.0,2,5,1,mobile,0,0
3,90.2,3,7,1,tablet,3,1
5,172.0,2,4,1,desktop,0,1
5,59.8,0,1,1,desktop,0,0
9,91.2,3,2,1,mobile,2,1
8,9.4,1,3,0,desktop,1,0
5,218.2,1,9,0,desktop,2,0
8,265.0,1,2,0,mobile,0,1
6,263.9,2,1,0,desktop,0,0
8,23.2,1,1,1,tablet,0,1
4,182.0,0,1,0,mobile,0,0
5,189.1,3,1,0,desktop,0,1
9,95.4,0,7,0,tablet,1,0
8,73.1,3,2,0,mobile,1,0
3,181.1,1,2,1,mobile,0,0
3,104.8,2,3,0,desktop,1,0
7,49.0,1,2,1,tablet,2,1
9,156.0,2,5,0,tablet,0,0
5,213.4,2,2,0,mobile,0,0
7,172.0,4,3,0,desktop,1,1
9,179.4,2,2,0,desktop,4,1
7,37.3,4,2,0,mobile,0,1
5,64.5,0,4,0,desktop,0,0
7,116.5,1,2,0,desktop,0,0
7,246.7,2,2,0,mobile,1,1
5,50.5,1,8,0,mobile,0,0
5,238.2,3,4,1,mobile,0,0
6,17.5,2,4,0,mobile,5,0
10,218.5,2,4,0,desktop,0,1
6,205.5,5,2,0,desktop,1,0
7,334.6,1,6,1,mobile,2,1
10,188.1,2,1,0,desktop,0,0
4,124.1,2,5,1,mobile,0,0
11,73.8,1,2,1,mobile,0,0
8,66.9,3,0,0,mobile,0,0
7,93.0,2,1,0,mobile,0,0
6,69.8,2,4,0,desktop,2,0
6,156.0,2,2,0,mobile,2,1
10,185.0,2,2,0,desktop,0,0
8,47.4,2,4,0,mobile,0,0
8,191.5,1,1,1,tablet,0,0
6,130.4,2,2,0,mobile,0,0
3,78.0,4,4,0,desktop,0,0
6,215.3,1,2,1,mobile,1,1
5,53.7,1,3,0,mobile,3,0
8,32.3,2,3,0,mobile,3,0
4,51.5,3,4,1,mobile,2,1
4,64.5,6,3,0,mobile,4,0
7,209.5,1,3,0,mobile,1,1
4,202.7,5,2,1,mobile,3,1
6,101.2,1,3,0,desktop,1,0
4,14.5,6,4,0,mobile,1,0
9,56.2,1,3,0,mobile,3,0
4,313.2,1,3,1,mobile,2,1
8,177.0,5,2,0,mobile,3,0
6,13.4,3,4,1,mobile,1,0
7,7.5,0,4,0,tablet,0,0
5,171.8,1,5,1,mobile,2,0
7,241.9,5,3,0,mobile,0,1
8,40.5,2,4,0,mobile,1,0
11,54.2,1,2,0,mobile,1,1
8,197.9,1,0,0,mobile,1,0
7,78.2,2,2,0,desktop,2,0
5,86.7,3,3,1,desktop,2,0
7,83.5,4,2,1,mobile,2,0
3,109.1,0,3,0,desktop,1,0
3,126.3,3,8,1,mobile,1,1
4,330.8,0,4,1,mobile,2,1
10,73.3,1,1,0,desktop,2,0
5,86.4,1,3,1,mobile,1,0
8,37.0,1,5,0,desktop,2,0
9,108.2,3,4,0,desktop,0,0
7,208.2,2,8,0,tablet,1,1
4,53.6,2,1,0,desktop,1,0
7,47.1,3,2,0,desktop,2,0
4,195.7,2,3,0,mobile,3,0
8,125.8,3,4,0,mobile,2,0
7,47.5,0,2,1,tablet,1,1
3,112.6,0,3,0,desktop,1,0
2,43.7,4,3,0,desktop,2,0
3,75.9,1,2,0,mobile,0,0
6,81.7,4,3,0,tablet,2,0
5,193.7,5,1,0,mobile,0,1
6,149.4,1,0,0,desktop,1,0
9,201.8,2,2,1,mobile,4,0
5,74.9,1,2,1,mobile,1,1
7,139.4,1,5,1,mobile,0,1
4,20.0,1,2,0,desktop,1,0
5,45.9,0,6,0,desktop,0,0
9,31.8,1,1,0,mobile,1,0
6,174.2,2,3,1,desktop,1,1
8,293.6,1,4,0,desktop,0,1
3,84.6,2,3,0,desktop,1,0
6,147.1,1,2,0,desktop,2,0
11,144.5,6,0,1,desktop,0,1
5,275.1,2,3,0,desktop,0,1
6,75.9,4,2,0,desktop,3,0
4,106.0,2,3,0,desktop,1,0
4,47.3,0,2,1,mobile,2,0
9,34.6,2,1,0,mobile,1,0
4,160.7,3,3,0,mobile,3,1
8,56.1,1,2,0,desktop,2,0
9,58.7,2,2,0,mobile,3,1
5,136.7,3,5,0,mobile,3,0
6,80.6,2,4,1,mobile,2,1
7,163.1,1,3,1,mobile,0,1
2,165.4,1,4,0,tablet,4,0
3,113.4,2,2,0,tablet,1,0
4,104.1,1,3,0,desktop,2,0
5,289.8,1,2,0,mobile,2,1
5,89.6,2,0,0,mobile,1,0
5,170.3,3,0,0,mobile,1,0
4,43.7,3,4,0,desktop,1,0
6,102.2,3,1,1,mobile,1,0
6,171.1,1,2,0,desktop,2,0
3,49.1,0,1,0,desktop,0,0
7,93.8,0,3,0,mobile,0,0
4,99.9,2,3,1,desktop,1,0
5,51.7,5,2,0,mobile,1,0
4,59.0,2,6,0,mobile,0,0
7,42.7,1,5,1,desktop,2,1
5,12.2,5,2,0,desktop,2,0
2,44.6,4,5,0,tablet,1,0
10,112.7,0,2,1,mobile,2,1
8,61.0,2,5,1,mobile,2,0
6,94.5,2,7,0,desktop,1,0
5,104.9,3,5,0,mobile,1,0
3,83.6,2,4,1,mobile,1,0
5,169.2,1,3,0,desktop,0,1
6,356.8,1,3,0,desktop,1,1
5,45.0,2,2,0,desktop,3,0
7,193.5,4,1,1,desktop,3,1
4,51.9,1,3,1,mobile,0,0
8,129.6,0,3,1,desktop,0,0
6,31.6,3,3,0,mobile,2,0
7,122.7,3,1,0,tablet,0,0
8,72.4,1,2,0,tablet,2,0
3,70.9,3,1,1,desktop,1,0
7,112.5,2,1,0,desktop,2,1
5,40.7,0,2,0,mobile,2,0
7,40.5,0,4,0,mobile,0,0
4,74.7,2,3,0,mobile,0,0
7,190.0,2,4,0,mobile,1,1
9,76.3,2,7,0,mobile,1,0
4,361.6,1,4,0,desktop,1,1
8,430.4,3,3,1,mobile,0,1
16,93.1,1,2,0,mobile,1,0
8,282.8,2,5,0,mobile,1,1
7,46.2,2,3,0,mobile,1,0
4,101.6,2,1,0,desktop,0,0
3,116.2,1,2,0,mobile,2,0
6,149.3,2,2,1,mobile,0,0
7,26.6,4,1,0,desktop,1,0
7,110.7,1,5,0,mobile,0,0
5,229.8,4,1,0,desktop,1,1
2,10.9,2,2,1,mobile,0,0
7,48.9,1,1,1,mobile,0,0
9,233.4,2,2,1,desktop,2,1
3,59.8,1,2,0,mobile,1,0
3,108.0,2,0,0,desktop,1,1
3,132.6,2,4,0,desktop,1,1
6,49.1,3,3,0,mobile,3,0
8,35.3,4,8,0,desktop,1,0
8,83.3,1,6,0,desktop,0,0
10,203.8,1,4,1,tablet,0,1
5,111.4,0,2,0,desktop,1,0
8,36.1,0,5,0,mobile,2,0
6,171.2,2,4,1,desktop,1,1
8,38.0,2,3,0,mobile,2,0
8,130.0,0,4,1,desktop,0,0
4,86.7,3,3,0,desktop,0,0
6,68.5,2,1,0,desktop,0,0
6,79.9,1,4,0,mobile,0,0
6,88.7,5,3,0,desktop,0,0
6,95.1,2,4,0,tablet,3,0
9,116.3,1,3,0,desktop,3,1
3,189.4,3,3,0,desktop,0,0
7,308.3,5,1,1,mobile,2,1
7,97.8,2,0,0,mobile,0,0
7,175.2,1,4,0,mobile,2,0
2,106.5,2,3,0,mobile,1,0
11,76.1,3,1,1,mobile,0,0
6,120.5,1,3,0,desktop,0,0
4,26.3,1,3,0,mobile,0,0
1,43.5,0,5,0,desktop,0,0
8,33.5,3,2,0,mobile,2,0
5,115.7,1,4,0,tablet,1,0
7,14.5,2,1,0,desktop,1,0
5,30.1,2,3,0,mobile,1,0
3,18.8,2,4,0,desktop,2,0
5,99.2,3,3,0,desktop,0,0
10,67.6,2,2,0,mobile,0,0
5,80.4,2,1,0,desktop,2,0
6,130.2,4,6,0,mobile,2,0
9,91.8,0,2,0,mobile,2,0
3,73.6,2,4,1,mobile,2,0
3,14.1,1,3,0,tablet,1,0
6,130.3,2,4,0,tablet,2,0
5,12.9,3,2,0,tablet,2,0
9,112.0,4,3,1,mobile,0,1
7,562.2,0,2,0,desktop,0,1
10,146.3,1,8,0,desktop,1,0
8,56.1,1,4,0,mobile,1,0
3,184.3,1,3,0,mobile,1,1
9,341.8,4,3,0,desktop,2,1
4,205.6,3,5,1,mobile,2,1
6,251.9,2,0,0,desktop,0,0
5,46.0,3,2,1,desktop,4,1
6,68.9,3,4,0,desktop,1,0
5,162.0,3,3,0,desktop,0,0
9,90.1,4,2,1,mobile,2,1
1,42.8,3,0,0,mobile,2,0
8,148.0,3,2,0,desktop,1,0
5,161.6,3,2,0,desktop,0,1
6,76.3,3,3,0,desktop,2,0
3,36.9,0,4,0,mobile,1,0
4,66.2,3,4,0,mobile,0,0
4,70.6,4,3,1,desktop,0,0
2,107.0,0,2,0,mobile,1,0
4,31.2,2,5,0,desktop,0,0
5,84.6,2,4,0,mobile,1,0
5,62.2,4,2,1,desktop,0,1
8,149.2,1,1,1,mobile,1,1
10,745.1,1,2,0,mobile,0,1
2,111.4,2,3,0,desktop,0,0
4,93.0,2,3,1,desktop,2,1
6,128.4,1,3,0,mobile,2,0
2,164.8,0,7,0,mobile,1,0
4,4.4,0,2,1,mobile,0,0
6,92.4,1,1,1,desktop,2,0
8,178.8,2,3,0,desktop,1,0
5,20.9,2,1,0,mobile,0,0
7,110.8,1,3,1,mobile,1,0
5,191.2,1,1,0,mobile,2,0
4,334.3,4,2,0,mobile,3,1
6,119.5,1,2,0,mobile,2,0
5,148.4,3,4,1,tablet,0,0
5,137.8,4,2,0,mobile,0,0
5,26.3,1,2,0,mobile,1,0
6,421.3,0,4,0,mobile,0,1
5,127.1,2,4,1,tablet,2,1
9,82.2,0,4,0,tablet,2,0
4,233.2,0,4,1,desktop,1,1
6,52.5,3,4,0,mobile,1,0
5,140.0,3,1,0,mobile,0,0
4,76.1,0,3,0,mobile,2,0
6,50.7,4,3,1,mobile,0,1
6,99.8,2,0,0,desktop,2,1
6,110.9,1,3,1,tablet,0,1
3,90.4,1,4,1,mobile,1,1
5,449.5,0,3,0,mobile,0,1
5,110.1,2,4,0,tablet,2,1
8,73.4,2,4,0,desktop,2,1
3,108.0,2,4,0,desktop,3,0
4,163.0,4,1,0,tablet,0,0
5,133.9,0,5,1,mobile,1,0
6,282.0,3,2,1,desktop,1,1
8,120.0,2,7,1,desktop,1,1
6,9.4,0,1,0,desktop,0,0
4,111.0,2,2,0,mobile,0,0
3,112.1,1,2,0,desktop,0,0
6,197.4,4,1,0,desktop,1,0
8,13.9,0,3,1,mobile,1,1
6,144.4,2,5,0,mobile,1,1
6,178.0,0,1,1,mobile,1,0
8,112.7,2,4,0,desktop,2,0
8,167.5,2,4,0,mobile,1,1
11,43.9,2,3,1,mobile,1,0
5,185.9,4,3,0,mobile,0,0
5,37.5,1,1,0,desktop,1,0
1,59.7,2,2,1,mobile,4,0
4,156.7,2,4,1,mobile,1,1
4,358.8,0,1,1,desktop,0,1
3,316.7,0,5,0,mobile,1,1
10,127.8,1,5,0,mobile,0,0
9,21.6,4,2,1,mobile,0,0
9,61.7,1,1,0,mobile,0,0
5,77.9,1,5,1,mobile,1,0
11,5.7,1,1,0,desktop,1,0
4,36.8,1,0,1,mobile,0,0
3,189.7,2,1,0,desktop,0,1
3,303.0,3,7,0,mobile,2,1
3,211.5,2,2,0,mobile,0,1
7,64.9,0,2,1,desktop,2,0
3,162.1,1,5,0,mobile,1,0
10,97.4,4,2,0,tablet,1,0
9,36.5,2,6,0,desktop,2,0
5,123.3,2,4,0,desktop,3,0
5,151.6,1,4,1,mobile,4,0
4,43.8,0,3,1,mobile,0,0
10,27.0,1,4,0,mobile,1,0
11,66.0,1,5,0,mobile,2,0
6,234.0,3,1,0,desktop,1,1
6,172.3,0,3,0,desktop,1,0
10,70.0,3,2,1,tablet,3,1
3,47.4,4,0,0,desktop,1,0
6,96.7,3,0,1,desktop,0,1
6,34.6,2,2,0,mobile,1,0
9,113.7,1,2,0,mobile,0,0
7,85.7,0,4,0,mobile,0,0
7,4.8,2,3,1,desktop,1,0
8,73.1,1,2,0,mobile,1,0
6,6.1,1,2,0,mobile,1,0
6,119.6,1,5,1,desktop,0,1
8,32.0,2,3,0,mobile,0,0
5,17.7,1,1,1,desktop,0,0
5,79.9,3,3,0,desktop,0,0
7,74.1,7,2,0,mobile,1,1
7,122.6,2,3,1,tablet,2,1
5,33.4,2,3,0,mobile,0,0
4,253.2,2,2,1,mobile,1,1
4,165.8,3,2,0,mobile,1,1
11,259.9,4,2,0,tablet,0,1
7,83.2,2,4,0,tablet,3,0
7,42.9,4,2,0,mobile,2,0
5,303.4,4,3,0,desktop,0,1
2,163.6,2,1,0,desktop,1,0
6,78.2,2,3,0,mobile,1,0
8,94.0,1,5,0,desktop,1,0
5,66.7,0,2,0,mobile,2,0
4,194.4,4,1,0,mobile,2,0
6,130.0,0,3,0,mobile,0,0
8,142.5,3,3,0,desktop,0,0
10,39.3,1,5,1,desktop,0,0
3,87.3,1,4,0,desktop,0,0
7,112.1,1,2,0,mobile,0,0
3,19.9,1,3,1,desktop,1,1
4,128.5,0,3,0,mobile,1,0
6,104.0,3,3,0,tablet,1,0
4,182.8,0,2,0,mobile,2,0
5,205.1,3,4,1,mobile,2,1
6,350.6,5,3,0,desktop,0,1
5,109.5,1,4,0,desktop,0,0
6,73.1,3,5,1,mobile,0,1
3,33.8,2,3,1,mobile,1,0
5,28.2,0,3,0,tablet,3,0
6,92.9,4,1,0,mobile,1,0
7,25.6,0,3,0,mobile,2,0
11,30.5,3,4,1,mobile,1,1
6,95.5,2,8,1,mobile,0,1
7,68.6,1,4,0,mobile,1,0
8,42.6,1,3,0,mobile,2,0
5,72.6,3,5,0,desktop,0,0
8,169.8,2,5,0,mobile,1,0
7,130.3,2,1,0,mobile,1,0
3,199.4,1,1,0,mobile,0,1
4,83.3,3,4,0,mobile,1,0
5,66.7,2,5,0,mobile,2,0
5,107.4,0,1,1,mobile,1,0
6,31.1,0,6,1,mobile,0,0
8,78.1,0,5,1,desktop,0,0
4,71.5,1,2,0,desktop,0,0
4,496.4,0,4,1,mobile,1,1
7,226.5,2,2,0,mobile,2,0
4,154.8,2,3,0,desktop,1,0
10,133.7,1,3,0,mobile,1,0
8,285.1,4,1,0,tablet,2,1
6,132.8,2,5,1,desktop,0,0
7,49.5,1,3,0,mobile,1,0
7,46.1,1,2,0,mobile,3,0
4,173.0,2,5,0,mobile,1,0
9,151.3,3,0,1,mobile,1,1
11,132.3,3,1,0,desktop,0,0
7,205.7,1,3,0,mobile,1,0
8,197.9,0,3,0,mobile,0,0
3,15.9,2,3,0,tablet,0,0
6,85.1,2,4,0,mobile,0,0
9,142.7,0,2,0,desktop,0,0
7,242.0,0,4,0,desktop,3,1
3,159.0,3,6,0,mobile,1,0
4,174.6,2,4,0,desktop,2,0
11,35.8,4,2,0,mobile,2,1
4,23.2,2,1,0,desktop,0,0
5,128.0,1,1,1,desktop,2,0
10,65.8,3,3,0,mobile,1,0
3,145.3,1,4,0,mobile,0,0
6,55.7,2,4,0,mobile,1,0
2,64.3,3,2,0,desktop,1,0
6,171.1,0,3,0,desktop,0,0
10,99.9,3,3,1,mobile,0,1
3,53.0,2,2,1,mobile,1,1
6,88.8,3,2,1,mobile,0,0
7,154.4,0,3,0,mobile,1,1
8,93.6,1,8,0,mobile,1,0
4,141.7,4,7,1,mobile,1,0
8,79.7,0,3,0,mobile,1,0
8,228.4,4,3,1,desktop,2,1
7,87.3,1,4,0,mobile,0,0
5,62.2,3,3,0,mobile,0,0
11,268.7,1,3,1,mobile,1,1
7,100.4,2,2,0,mobile,0,0
9,140.1,4,2,0,mobile,0,0
4,61.6,3,5,0,mobile,2,0
7,136.9,2,3,0,mobile,1,0
10,153.8,4,0,1,desktop,1,1
4,49.6,3,3,0,mobile,1,0
8,181.3,1,3,0,mobile,0,1
5,91.6,3,1,0,desktop,0,0
4,181.3,3,4,0,mobile,0,1
10,54.5,2,3,0,tablet,1,0
5,64.7,4,5,0,tablet,0,0
5,112.7,2,3,0,desktop,1,0
4,46.0,2,4,0,mobile,0,0
3,115.5,3,4,0,mobile,0,0
4,129.1,3,3,0,desktop,1,1
7,112.5,3,1,1,mobile,1,0
13,107.0,2,5,1,mobile,1,1
8,38.0,2,2,1,mobile,1,0
5,26.7,2,1,0,desktop,1,0
8,96.0,4,1,0,desktop,0,0
6,17.5,2,1,0,desktop,2,0
9,14.4,1,8,0,desktop,2,0
5,64.0,1,4,1,desktop,1,0
8,45.2,0,2,0,desktop,1,0
6,132.5,3,5,0,tablet,0,0
3,95.9,2,4,0,mobile,3,0
5,128.6,7,4,0,tablet,1,0
7,179.6,2,2,1,mobile,1,1
7,230.5,1,2,1,mobile,1,1
5,165.2,1,0,0,mobile,2,0
4,110.5,2,0,1,mobile,1,0
5,41.9,1,4,0,mobile,0,0
6,217.1,2,9,1,tablet,1,1
8,34.6,3,4,0,mobile,1,0
11,182.8,1,6,0,tablet,1,0
8,247.2,2,2,0,desktop,1,0
6,134.5,2,2,1,tablet,2,1
4,43.0,2,2,0,desktop,1,1
5,67.9,2,3,0,desktop,1,0
5,118.1,2,5,1,desktop,0,0
9,52.4,3,3,0,tablet,0,1
9,109.3,2,2,1,mobile,0,0
5,132.9,1,3,0,mobile,2,0
5,142.4,1,0,0,tablet,1,0
9,67.1,4,2,1,mobile,0,1
5,100.1,2,3,0,mobile,0,0
7,114.1,2,5,0,desktop,1,0
7,22.0,0,1,0,mobile,0,0
2,65.1,2,1,0,mobile,0,0
6,105.0,0,5,1,desktop,1,0
4,131.8,1,2,0,mobile,1,0
10,262.3,2,1,0,desktop,1,1
5,124.2,2,1,0,mobile,3,1
9,33.2,3,1,0,mobile,2,0
9,49.0,3,4,1,tablet,1,0
3,189.9,1,3,0,desktop,0,0
7,327.2,1,6,0,mobile,0,1
10,40.8,2,7,0,desktop,0,0
5,63.3,5,3,1,desktop,0,0
5,336.9,0,3,0,mobile,0,1
7,284.7,3,2,0,desktop,2,1
14,151.7,1,2,1,mobile,2,1
7,64.3,4,2,1,mobile,1,0
9,39.1,0,3,0,tablet,1,0
9,60.4,2,4,1,mobile,0,0
2,74.4,0,4,0,mobile,2,0
9,77.2,1,2,0,tablet,3,1
5,21.7,1,0,1,tablet,1,0
5,46.4,0,3,0,desktop,4,0
3,107.4,2,4,0,desktop,1,0
7,62.4,2,4,0,desktop,1,0
7,32.1,3,1,0,mobile,1,0
4,42.1,0,5,0,mobile,2,0
6,84.2,2,6,0,mobile,1,0
9,26.1,3,3,0,mobile,1,0
10,236.4,2,1,0,desktop,0,1
4,27.8,1,6,0,mobile,0,0
3,160.2,2,3,0,desktop,3,0
8,323.7,2,1,0,mobile,0,1
7,30.9,2,3,0,mobile,2,0
7,37.6,1,3,0,mobile,2,0
7,85.3,3,3,0,desktop,3,0
5,68.2,5,2,0,mobile,1,0
7,194.0,3,5,1,tablet,0,1
11,80.7,3,5,1,mobile,0,0
5,45.6,1,4,1,desktop,0,0
4,167.5,2,2,0,desktop,1,0
1,74.6,3,2,0,mobile,2,0
9,44.6,3,3,1,desktop,2,0
4,51.4,2,4,0,mobile,0,0
5,29.8,3,3,0,desktop,0,1
6,11.1,3,2,0,desktop,1,0
4,32.8,5,3,0,mobile,1,0
3,82.3,1,3,0,mobile,3,0
9,73.2,6,3,0,desktop,1,1
5,23.7,3,2,0,mobile,0,0
4,46.4,2,2,1,mobile,1,0
9,151.8,0,2,0,mobile,1,1
6,142.9,1,2,0,desktop,1,0
7,102.6,3,3,1,desktop,0,1
8,35.9,2,6,0,mobile,1,0
11,192.7,0,3,0,mobile,0,0
8,85.7,2,3,0,desktop,2,0
4,51.1,1,5,0,desktop,0,0
4,37.2,1,5,0,desktop,2,0
8,162.0,1,3,0,mobile,1,1
4,3.1,2,5,1,tablet,0,0
4,120.2,1,6,0,mobile,1,0
4,65.4,3,1,1,mobile,4,0
9,210.7,1,1,1,mobile,0,0
3,398.3,1,2,0,tablet,0,1
6,51.5,4,3,0,mobile,2,0
5,194.7,1,2,0,desktop,0,0
3,124.5,1,6,0,mobile,1,0
4,114.9,1,5,0,mobile,1,0
3,24.2,1,3,0,mobile,1,0
7,61.0,2,1,0,desktop,2,0
4,189.2,3,1,0,mobile,0,0
7,228.9,1,3,0,mobile,1,1
6,280.3,2,4,0,mobile,2,1
5,61.3,3,1,0,desktop,2,0
7,139.8,2,2,0,mobile,1,0
7,63.6,4,8,1,mobile,1,0
7,108.0,1,0,1,mobile,1,1
8,138.3,0,5,1,mobile,0,0
11,65.7,1,2,1,desktop,1,0
13,146.6,1,2,0,mobile,2,1
6,82.1,2,4,0,desktop,1,1
8,92.6,0,3,1,mobile,0,0
11,24.6,0,3,0,desktop,2,0
3,58.3,0,1,1,desktop,0,0
5,59.3,1,6,0,mobile,1,0
7,421.8,3,6,1,mobile,2,1
5,48.3,3,4,0,mobile,4,0
6,91.2,1,6,0,mobile,0,0
4,49.2,2,2,0,mobile,2,0
4,82.3,2,2,0,mobile,1,0
4,106.5,3,1,1,desktop,4,1
7,40.7,3,3,0,mobile,2,0
6,180.3,0,0,0,mobile,0,0
10,42.6,2,0,1,mobile,0,1
2,21.2,2,5,0,tablet,0,0
6,99.8,4,4,1,mobile,2,0
7,332.4,0,3,1,mobile,1,1
6,14.7,2,1,0,desktop,1,0
9,28.3,4,3,1,mobile,2,1
5,170.3,0,5,0,desktop,2,0
7,48.1,1,0,0,desktop,0,0
6,111.4,0,6,0,mobile,0,0
8,202.1,4,2,1,desktop,1,1
5,162.4,1,3,0,desktop,1,0
8,105.7,1,8,1,mobile,1,0
5,107.2,1,4,0,desktop,5,0
6,105.5,0,5,0,desktop,0,0
6,119.9,2,4,0,mobile,4,0
6,237.0,1,4,0,desktop,0,1
7,34.6,0,2,1,desktop,0,0
6,30.0,1,4,0,desktop,1,0
4,146.7,3,2,1,mobile,1,1
4,54.4,0,2,0,mobile,2,0
6,272.1,4,3,0,tablet,0,1
5,114.7,4,2,0,mobile,0,0
6,294.0,3,2,0,desktop,2,1
3,160.0,1,1,1,tablet,2,0
9,76.2,0,3,0,mobile,2,0
5,97.5,0,5,0,mobile,0,0
2,192.2,4,4,1,desktop,0,1
4,22.4,2,3,0,mobile,1,0
7,200.3,1,5,1,desktop,0,1
8,92.5,1,1,1,desktop,1,0
6,81.7,2,2,0,mobile,3,0
4,387.1,1,6,0,desktop,0,0
6,238.6,1,2,0,tablet,2,1
5,46.6,8,0,0,tablet,1,0
5,122.2,4,7,0,mobile,0,0
3,40.7,0,2,0,desktop,0,0
4,138.7,3,3,1,desktop,3,1
5,340.8,2,3,1,desktop,1,1
7,270.3,3,5,0,mobile,0,1
9,134.4,6,4,0,mobile,0,0
6,123.5,1,1,0,mobile,0,0
3,87.0,1,3,0,mobile,1,0
4,357.3,1,1,0,desktop,0,1
7,179.0,2,2,0,mobile,1,0
7,68.8,5,3,1,mobile,1,0
10,106.7,2,1,0,tablet,0,0
6,110.7,3,3,0,mobile,0,0
4,49.1,2,3,1,desktop,1,0
7,111.2,4,3,0,mobile,0,0
5,146.6,6,3,0,desktop,0,0
6,42.3,0,5,0,mobile,3,0
5,206.1,3,5,0,mobile,2,1
8,56.7,0,2,0,desktop,3,0
10,69.5,2,2,0,desktop,1,0
7,55.3,0,5,0,desktop,1,0
6,46.6,1,4,0,tablet,3,0
3,231.1,1,6,1,mobile,0,1
8,259.5,1,3,0,mobile,0,0
3,61.1,4,1,0,desktop,1,0
6,213.9,2,2,1,mobile,0,0
6,25.0,2,1,0,desktop,0,0
5,78.3,6,3,0,desktop,0,0
3,32.8,1,4,0,desktop,0,0
12,376.6,1,6,0,desktop,1,1
6,236.2,3,1,0,desktop,1,1
9,19.2,4,6,0,mobile,0,0
11,49.4,1,6,1,desktop,0,0
11,80.2,4,2,0,mobile,3,0
6,94.1,1,5,0,mobile,1,0
3,30.1,1,4,0,mobile,1,0
8,167.8,4,5,0,desktop,1,0
8,213.4,2,2,0,mobile,0,1
11,127.5,0,4,0,desktop,0,0
4,120.9,3,6,0,desktop,0,0
8,55.5,5,4,0,tablet,3,0
7,76.8,3,3,1,mobile,1,1
3,116.5,1,0,1,desktop,0,0
3,125.9,2,0,1,desktop,1,0
4,99.3,3,2,1,mobile,0,0
5,200.2,2,1,0,mobile,1,1
3,145.6,0,3,0,mobile,2,0
10,215.5,3,7,0,mobile,0,1
8,108.3,3,0,0,mobile,1,1
9,107.7,2,6,1,desktop,3,1
4,187.4,2,5,0,mobile,1,0
8,42.4,3,1,0,mobile,0,0
4,525.9,1,3,0,desktop,1,1
11,55.3,6,3,0,mobile,1,0
5,50.3,0,3,0,mobile,1,0
8,207.1,3,1,0,mobile,3,1
3,152.6,2,6,0,desktop,0,0
3,169.5,4,2,1,mobile,2,0
6,110.3,5,6,0,mobile,2,1
11,44.4,0,2,0,mobile,0,0
7,300.7,1,3,0,mobile,2,1
5,201.1,3,1,0,mobile,1,1
2,61.8,0,2,0,mobile,0,0
9,188.9,2,5,1,mobile,3,1
6,66.3,5,3,1,mobile,0,0
4,74.4,0,3,1,desktop,3,0
5,79.3,0,4,1,desktop,1,0
4,57.2,1,2,1,desktop,1,0
4,108.8,7,0,0,desktop,0,0
5,202.2,8,3,1,mobile,3,1
5,141.4,4,4,1,desktop,1,1
6,168.5,3,7,0,mobile,2,0
4,123.2,0,4,1,desktop,0,1
7,13.6,2,3,1,desktop,1,0
5,430.3,3,0,0,tablet,1,1
7,227.1,3,4,0,mobile,2,1
7,128.0,4,1,0,mobile,1,0
6,39.4,2,8,0,tablet,1,0
8,163.8,2,2,0,desktop,1,1
6,102.4,1,3,0,mobile,0,0
7,118.4,3,6,0,desktop,0,0
5,199.2,1,4,0,mobile,1,1
9,136.7,0,1,0,desktop,0,0
12,258.2,0,3,0,mobile,1,1
7,71.9,1,0,0,tablet,0,0
4,23.6,1,1,1,mobile,1,0
5,99.0,1,7,0,mobile,0,0
9,73.7,1,2,0,desktop,1,0
7,148.4,2,1,0,desktop,1,0
6,50.2,5,1,0,desktop,3,0
7,72.0,2,2,1,desktop,0,0
5,152.7,0,1,0,tablet,1,0
6,84.6,4,3,0,desktop,0,0
15,209.9,3,2,1,desktop,1,1
5,51.1,1,4,0,mobile,2,0
7,36.8,4,1,0,desktop,3,0
3,165.3,0,1,0,tablet,2,0
6,31.4,1,3,0,mobile,1,0
6,16.6,1,4,0,desktop,1,0
5,36.2,2,4,0,mobile,1,0
4,221.1,4,2,0,desktop,0,0
7,63.3,3,1,0,mobile,0,0
6,75.4,5,3,0,desktop,2,1
8,174.0,0,2,0,mobile,0,0
9,199.4,2,2,0,mobile,1,1
7,177.0,5,1,1,tablet,0,1
6,165.0,2,6,0,mobile,1,1
9,59.8,1,0,0,desktop,2,0
10,111.6,2,2,0,desktop,0,0
4,31.1,1,3,1,mobile,2,0
6,78.9,1,4,0,mobile,1,0
3,20.6,0,3,0,desktop,2,0
7,210.1,1,2,0,desktop,1,0
10,75.4,2,3,1,mobile,2,1
6,109.0,0,6,0,mobile,0,0
8,67.0,2,4,0,desktop,0,0
8,228.4,5,3,0,desktop,0,1
4,28.8,2,5,0,desktop,0,0
6,39.4,3,2,1,desktop,0,0
6,107.3,1,0,0,desktop,0,0
5,111.6,4,5,1,desktop,1,1
6,211.7,1,2,1,mobile,2,1
5,124.3,2,5,1,tablet,0,0
9,110.9,0,1,0,mobile,1,0
8,55.0,2,8,0,mobile,0,0
7,229.3,3,1,0,mobile,0,0
8,89.1,3,8,0,desktop,2,1
11,58.2,2,4,0,mobile,0,0
5,51.3,3,5,1,mobile,0,0
10,109.8,4,1,1,desktop,0,1
10,27.3,2,0,1,desktop,0,1
10,29.4,3,2,0,mobile,0,0
4,29.3,2,1,0,mobile,3,0
4,316.0,1,2,0,desktop,0,1
9,265.9,1,2,1,tablet,1,1
7,47.4,0,6,0,mobile,3,1
10,126.6,1,7,0,desktop,1,1
3,169.1,0,2,1,desktop,2,1
7,139.2,0,1,1,mobile,2,0
3,36.1,3,3,0,mobile,1,0
10,53.7,2,2,1,desktop,0,0
7,125.1,4,2,0,mobile,2,1
2,28.4,1,2,0,mobile,1,0
4,218.9,3,2,0,desktop,1,1
5,35.1,2,2,1,mobile,0,0
5,115.4,2,4,0,mobile,0,1
7,186.9,2,5,1,mobile,2,1
9,202.7,4,2,1,mobile,1,1
6,204.7,2,1,1,desktop,3,1
12,55.8,4,1,1,mobile,1,1
10,61.6,2,5,1,desktop,2,1
6,133.2,4,0,0,mobile,1,0
5,165.1,2,6,0,mobile,3,0
4,159.7,3,4,0,mobile,0,0
13,173.4,3,6,0,tablet,1,1
6,145.9,3,3,1,tablet,2,1
13,127.6,5,2,1,mobile,0,1
5,60.0,1,4,0,mobile,1,0
6,130.3,4,2,0,mobile,1,0
4,293.2,2,4,0,mobile,3,1
4,81.1,2,5,1,mobile,0,0
6,75.0,4,3,0,desktop,2,0
4,155.5,0,3,0,mobile,2,1
9,35.0,1,1,0,desktop,0,0
7,114.4,2,1,0,mobile,1,0
5,212.7,1,5,1,desktop,0,1
3,115.2,2,4,0,desktop,0,0
9,114.7,4,1,0,desktop,0,0
8,12.2,4,5,0,desktop,1,0
4,82.6,1,1,0,desktop,3,0
4,44.2,2,5,1,desktop,3,0
9,32.6,2,3,0,mobile,0,0
6,94.5,2,3,1,mobile,1,1
7,164.8,2,8,0,tablet,0,0
10,89.1,1,4,0,desktop,1,1
5,190.7,3,2,1,mobile,2,1
6,162.8,0,1,0,mobile,2,0
7,63.0,5,4,0,desktop,2,1
8,70.3,2,4,0,tablet,2,0
4,16.8,2,4,0,mobile,0,0
5,360.8,1,1,0,desktop,1,1
5,47.3,4,5,0,mobile,6,1
2,117.7,3,5,0,mobile,1,0
6,92.5,2,4,1,mobile,0,0
5,282.8,1,3,1,mobile,1,1
2,129.8,1,3,0,mobile,0,0
4,102.2,2,2,1,mobile,1,0
8,240.0,1,6,0,mobile,4,1
1,117.7,1,1,0,mobile,2,0
10,51.5,1,7,0,mobile,2,0
6,149.7,3,4,1,tablet,1,1
5,31.2,4,4,1,mobile,3,1
1,45.2,1,3,0,mobile,1,0
7,73.1,3,2,0,mobile,1,0
7,36.7,1,2,1,mobile,1,0
3,79.8,3,2,1,mobile,0,0
4,7.0,0,5,0,mobile,2,0
6,115.5,5,8,1,desktop,0,1
8,143.8,0,2,0,mobile,1,0
6,65.3,4,4,0,mobile,1,0
6,21.4,1,5,1,mobile,0,0
7,100.1,4,1,0,mobile,0,1
4,162.5,5,5,0,tablet,2,1
6,28.5,2,5,0,mobile,0,0
5,523.4,2,2,0,mobile,3,1
4,118.3,1,2,0,mobile,0,0
8,167.9,1,1,0,desktop,1,0
5,442.4,4,4,1,mobile,1,1
8,137.2,3,4,1,mobile,1,1
7,50.0,1,4,0,desktop,0,0
5,59.6,3,4,1,desktop,1,1
5,205.4,4,2,0,mobile,1,0
4,181.9,1,4,0,desktop,1,1
6,207.9,1,3,0,mobile,3,0
5,156.1,2,2,0,mobile,0,0
11,140.4,2,2,1,desktop,1,1
9,171.9,1,2,0,mobile,0,0
3,134.6,1,3,0,desktop,0,0
4,40.7,1,1,0,desktop,1,0
8,59.8,4,4,0,tablet,1,0
5,189.0,2,4,1,mobile,0,0
7,447.8,1,7,0,mobile,2,1
5,213.8,3,5,0,mobile,0,0
6,300.0,0,2,0,desktop,1,1
6,26.3,1,6,0,mobile,1,0
10,223.2,1,8,0,mobile,2,1
5,177.2,4,5,0,desktop,1,1
2,128.7,2,0,1,desktop,0,0
5,70.0,0,1,1,mobile,1,0
7,144.5,0,5,0,mobile,0,0
4,195.8,1,2,0,mobile,2,0
5,107.0,1,1,0,desktop,1,0
11,57.1,2,2,1,mobile,2,1
10,269.7,2,4,0,mobile,1,1
7,83.7,4,3,0,desktop,0,0
8,132.0,0,1,0,mobile,3,0
1,13.9,0,5,0,desktop,0,0
7,52.8,2,7,0,mobile,2,0
3,226.4,2,5,0,mobile,1,1
4,214.6,1,2,1,desktop,0,1
14,143.5,1,0,1,mobile,0,1
6,16.7,1,2,0,mobile,0,0
3,59.4,5,3,0,mobile,0,0
7,354.0,7,1,0,mobile,0,1
7,109.0,3,5,0,mobile,2,1
5,190.4,2,7,1,desktop,2,1
9,57.7,1,3,1,mobile,0,0
11,105.5,3,1,0,mobile,1,1
10,58.4,1,1,0,tablet,3,0
5,77.5,2,5,0,mobile,2,0
4,50.1,4,2,1,desktop,4,1
7,89.3,2,3,0,mobile,0,0
8,92.8,1,5,0,desktop,0,0
6,174.6,1,4,0,mobile,1,0
5,20.8,2,3,1,desktop,2,0
7,34.0,3,2,0,desktop,0,0
6,106.6,0,2,0,desktop,2,0
6,38.1,3,2,0,mobile,1,0
2,42.3,1,0,0,desktop,0,0
7,294.9,0,2,0,desktop,4,1
5,166.7,2,3,0,mobile,0,1
5,89.6,2,8,0,mobile,1,0
3,55.4,0,4,1,mobile,1,0
6,310.3,3,2,0,desktop,1,1
5,28.1,0,4,0,mobile,1,0
10,206.2,3,1,0,mobile,0,0
5,323.3,2,3,0,mobile,1,1
1,107.2,0,1,0,desktop,0,0
12,137.9,2,2,1,desktop,3,1
9,143.8,2,6,0,mobile,0,0
8,172.9,4,2,0,mobile,2,1
7,125.6,3,6,0,mobile,1,0
4,135.8,1,7,0,mobile,0,0
6,54.0,1,4,0,desktop,1,0
7,15.9,3,4,1,mobile,1,0
4,197.1,2,1,0,mobile,4,0
6,35.4,3,3,1,mobile,0,0
9,280.2,0,3,0,mobile,0,0
7,94.0,3,4,0,mobile,1,0
8,377.3,2,5,1,desktop,1,1
5,134.8,5,3,0,desktop,1,0
4,73.5,1,4,0,mobile,0,0
9,164.2,2,10,1,mobile,0,1
2,347.6,3,4,0,desktop,0,1
6,112.7,3,2,0,desktop,1,0
7,108.6,7,2,1,tablet,1,1
6,101.6,0,1,0,mobile,0,0
6,72.4,4,0,0,tablet,0,0
6,126.4,3,3,0,mobile,0,0
6,140.6,4,2,0,mobile,0,0
7,372.9,2,4,0,desktop,0,1
6,73.6,1,3,0,mobile,1,0
6,305.0,2,5,1,mobile,0,1
9,146.9,1,2,0,mobile,0,0
4,165.4,0,9,1,mobile,1,1
6,65.0,2,6,0,mobile,1,0
4,95.1,2,4,0,desktop,1,0
4,81.6,2,3,0,desktop,1,0
8,177.0,5,2,0,tablet,1,1
5,46.3,4,3,1,desktop,0,0
5,44.0,2,2,0,mobile,0,0
3,11.9,0,2,0,tablet,3,0
7,165.9,4,3,0,desktop,1,1
4,34.6,2,4,0,mobile,1,0
8,104.7,3,3,0,mobile,2,0
8,29.4,1,3,1,mobile,1,0
9,106.9,4,0,1,tablet,1,1
7,102.0,4,4,1,mobile,1,1
8,67.7,3,4,0,mobile,1,0
5,141.3,2,2,0,desktop,0,0
8,64.4,0,4,0,tablet,2,0
3,193.8,4,4,0,mobile,2,1
6,226.5,2,2,1,tablet,1,1
4,235.9,2,2,1,mobile,0,1
8,106.0,2,2,0,desktop,3,0
6,160.3,4,4,1,tablet,2,1
8,105.7,2,3,1,desktop,3,1
10,147.2,3,4,1,desktop,0,1
7,109.9,2,3,0,desktop,0,0
6,118.5,2,5,0,mobile,4,0
8,289.4,5,3,0,mobile,1,1
2,16.9,1,4,0,mobile,0,0
4,122.4,3,1,0,desktop,1,0
4,121.8,1,2,0,mobile,1,0
12,62.6,2,1,1,desktop,2,0
5,157.0,1,6,0,mobile,0,0
3,101.6,2,4,0,desktop,0,0
6,69.2,3,1,1,mobile,3,1
8,117.6,6,0,1,mobile,3,1
3,300.7,0,5,1,mobile,2,1
6,459.6,2,2,0,desktop,0,1
3,89.1,1,2,0,desktop,1,0
2,81.7,6,4,0,tablet,0,0
7,100.9,2,4,0,mobile,1,1
5,23.9,2,2,0,tablet,1,0
8,92.7,1,3,1,mobile,0,0
8,16.3,4,5,0,mobile,1,0
7,52.6,0,1,0,mobile,1,0
7,147.8,3,3,0,desktop,0,0
7,45.9,2,7,0,desktop,0,0
8,128.8,3,1,0,mobile,1,0
5,82.3,2,5,0,mobile,0,0
10,63.4,4,2,0,desktop,1,1
5,200.8,1,0,0,tablet,4,0
7,112.7,0,1,0,mobile,0,0
8,142.6,3,3,0,desktop,0,0
5,81.7,2,2,0,mobile,1,1
7,181.9,0,3,0,tablet,1,0
3,37.6,1,4,0,desktop,1,0
7,233.3,1,2,0,mobile,0,1
5,8.1,3,2,1,mobile,1,0
4,10.0,2,2,0,tablet,2,0
4,68.2,2,0,0,mobile,1,0
6,81.0,1,3,0,mobile,3,1
4,78.8,1,4,0,mobile,0,0
5,46.2,2,6,0,mobile,2,0
4,312.7,1,6,0,desktop,0,1
7,97.4,0,5,0,desktop,3,0
10,236.4,4,4,1,desktop,0,1
6,18.2,4,3,1,mobile,2,0
7,48.3,4,4,1,mobile,0,1
5,37.8,2,3,1,desktop,1,0
4,14.5,2,4,1,desktop,2,0
10,120.1,1,2,1,mobile,0,0
4,66.3,4,2,0,tablet,1,0
10,28.8,2,0,0,desktop,0,0
5,52.3,4,1,0,mobile,1,0
9,162.2,2,2,1,tablet,1,1
4,266.1,1,3,0,tablet,1,1
4,68.2,6,1,0,tablet,1,0
6,57.8,3,2,0,desktop,0,0
9,72.0,4,2,1,mobile,1,0
4,55.1,0,1,1,tablet,0,0
5,58.4,5,4,0,desktop,1,0
9,284.2,2,5,0,desktop,0,1
4,167.9,1,2,1,tablet,1,0
4,186.7,5,4,0,mobile,0,0
3,45.4,2,5,0,tablet,3,0
8,161.0,0,3,1,desktop,1,1
3,85.0,2,1,0,desktop,0,0
7,39.9,0,0,0,desktop,0,0
6,409.5,3,4,0,desktop,2,1
7,137.7,1,6,0,mobile,1,0
3,279.1,0,1,1,tablet,2,1
11,215.7,2,4,0,mobile,0,1
4,16.7,0,4,0,tablet,1,0
7,46.6,0,5,0,desktop,1,0
6,160.6,2,3,0,tablet,1,1
8,78.4,0,2,0,mobile,0,0
7,139.4,4,0,0,desktop,0,0
8,211.2,2,6,0,desktop,1,1
5,15.9,3,2,1,desktop,2,1
8,131.6,4,4,1,mobile,0,0
3,65.8,4,1,0,tablet,0,0
7,173.4,4,3,0,tablet,1,1
8,236.2,1,0,0,mobile,0,1
6,97.2,2,3,0,mobile,0,0
5,87.8,0,3,1,desktop,1,1
6,137.5,1,3,1,mobile,2,1
3,171.3,3,3,0,mobile,0,0
9,358.1,0,4,0,desktop,0,1
6,344.5,1,2,0,mobile,0,0
7,219.6,3,2,1,desktop,0,1
6,276.7,2,5,1,desktop,0,1
7,95.9,1,1,0,mobile,1,0
9,74.8,1,4,1,mobile,1,1
8,19.7,1,3,0,desktop,1,0
1,58.5,0,2,0,desktop,0,0
5,161.7,1,2,0,desktop,2,0
8,57.4,2,2,0,desktop,0,0
8,111.3,0,3,1,mobile,3,1
3,145.5,2,2,0,mobile,0,0
4,176.5,2,3,0,mobile,1,0
10,396.2,1,1,0,mobile,0,1
8,109.9,2,3,0,desktop,1,0
9,168.5,4,4,1,mobile,2,1
5,80.5,0,4,1,mobile,0,0
3,40.1,3,7,0,mobile,2,0
7,64.0,2,2,0,desktop,2,0
3,91.9,2,1,1,mobile,0,0
5,145.2,4,6,1,mobile,2,1
10,348.9,3,3,0,mobile,2,1
5,102.9,2,1,0,desktop,1,0
4,70.0,5,2,0,mobile,0,0
5,69.5,1,2,0,desktop,1,0
3,130.5,0,4,0,mobile,0,0
8,128.1,1,0,0,mobile,0,0
8,120.9,3,4,1,tablet,0,1
3,95.4,0,3,0,mobile,2,0
5,182.6,0,1,0,mobile,1,0
5,14.3,1,3,0,mobile,0,0
6,160.0,1,6,0,mobile,2,1
7,74.9,1,4,0,mobile,1,0
7,140.5,0,2,0,desktop,1,0
9,157.0,1,2,0,desktop,0,1
5,68.6,1,1,0,desktop,1,0
2,434.2,3,4,0,desktop,0,1
5,45.9,1,3,0,mobile,0,0
7,256.7,3,4,1,mobile,0,1
4,94.7,1,5,0,mobile,1,0
5,202.8,0,5,1,mobile,1,1
2,21.5,0,2,1,mobile,1,0
8,151.7,3,2,0,desktop,0,0
3,100.9,1,4,0,desktop,1,0
10,161.7,3,6,0,mobile,2,0
7,161.1,2,6,0,tablet,2,1
6,192.5,3,0,1,mobile,0,1
11,253.2,2,2,0,mobile,0,1
8,300.8,1,5,0,tablet,0,0
6,27.9,1,0,0,mobile,1,0
5,18.8,4,5,1,mobile,2,0
12,73.3,2,3,0,mobile,3,0
5,123.3,6,2,1,desktop,1,1
4,75.7,3,4,0,mobile,2,0
2,204.7,4,4,0,mobile,2,0
8,282.6,2,3,1,mobile,0,1
6,184.4,5,3,0,desktop,0,0
8,31.7,2,1,0,desktop,0,0
6,258.8,3,5,0,mobile,4,1
3,66.0,4,1,0,mobile,1,0
6,11.7,2,2,0,desktop,2,0
10,38.5,0,0,0,mobile,0,0
12,202.2,0,0,0,desktop,1,1
7,164.0,2,5,1,mobile,1,1
7,106.0,2,2,0,mobile,1,0
4,81.0,1,2,1,mobile,1,0
9,34.6,3,6,0,tablet,1,0
4,71.9,2,3,0,mobile,0,0
9,26.9,1,1,1,mobile,1,0
8,163.2,4,3,0,mobile,1,1
7,199.2,0,3,0,mobile,0,0
7,169.3,0,2,0,mobile,0,1
4,211.3,1,1,0,desktop,1,0
8,119.1,4,2,1,mobile,1,1
5,204.7,1,4,0,desktop,1,0
5,5.6,3,3,1,mobile,0,0
11,98.0,0,5,1,mobile,0,0
7,166.1,4,5,0,tablet,2,1
3,64.6,0,2,1,mobile,2,0
5,92.8,3,4,0,tablet,0,1
4,94.7,2,2,1,desktop,1,0
10,109.7,1,4,0,mobile,0,0
7,49.1,0,2,0,mobile,1,1
4,95.2,1,3,0,desktop,0,0
8,198.8,2,2,0,desktop,1,1
6,33.8,2,4,0,mobile,1,0
8,51.5,5,1,0,mobile,0,0
8,102.5,3,0,1,desktop,1,1
3,163.5,3,1,0,desktop,0,0
8,34.0,1,2,0,mobile,1,0
4,63.0,1,2,0,mobile,2,0
8,297.0,0,6,1,mobile,0,1
6,112.2,5,6,1,mobile,0,0
9,156.1,2,5,0,mobile,0,0
4,212.6,1,7,0,desktop,2,1
8,112.6,1,2,1,mobile,2,1
5,35.2,5,6,1,desktop,2,0
4,86.9,2,1,0,tablet,0,0
4,163.2,3,4,0,mobile,1,0
3,175.3,1,6,0,desktop,0,1
10,66.2,3,7,0,tablet,0,0
11,60.6,6,2,0,desktop,0,0
8,60.4,5,3,0,mobile,0,1
8,176.6,2,3,0,desktop,0,0
5,70.6,3,3,0,desktop,0,0
5,15.5,1,3,0,mobile,2,0
6,80.6,3,0,0,desktop,1,0
4,160.8,4,5,0,desktop,0,0
8,203.4,2,4,0,mobile,1,0
5,64.4,0,3,0,tablet,1,0
5,101.5,2,3,1,tablet,2,1
5,97.5,0,1,0,mobile,1,0
9,87.6,2,8,0,desktop,0,0
6,87.2,1,3,0,mobile,1,0
4,145.8,3,3,0,mobile,2,0
12,207.5,1,0,1,tablet,1,1
8,89.3,6,4,0,mobile,2,1
6,43.2,1,3,0,mobile,0,0
7,137.0,3,6,0,desktop,2,1
3,347.4,5,3,0,mobile,3,1
2,133.7,1,3,0,desktop,0,0
4,117.4,0,1,0,tablet,0,0
6,46.7,1,6,1,mobile,1,0
8,17.7,1,1,0,mobile,1,0
4,94.5,2,2,0,mobile,1,0
5,134.4,0,4,0,tablet,2,0
3,256.2,2,6,0,mobile,3,1
6,113.8,1,4,1,mobile,2,1
3,22.5,1,5,0,mobile,1,0
6,47.4,3,2,1,tablet,1,1
8,120.5,1,4,0,mobile,1,0
4,120.1,1,1,0,mobile,0,0
7,173.3,2,2,1,desktop,2,1
4,53.5,1,2,0,desktop,1,0
11,261.7,1,3,0,mobile,1,1
6,143.5,3,2,0,tablet,0,0
4,52.1,3,2,0,mobile,2,0
8,84.7,2,3,0,mobile,1,0
4,35.4,1,2,0,mobile,2,0
6,172.0,0,2,1,mobile,0,0
5,225.4,2,4,0,mobile,2,0
8,320.7,1,6,0,mobile,0,0
5,99.1,2,4,1,mobile,0,0
5,124.2,3,1,0,tablet,0,0
4,116.3,6,3,1,tablet,1,1
7,216.7,0,3,0,mobile,0,0
11,57.7,1,2,0,mobile,1,0
4,84.7,2,7,1,mobile,2,1
6,128.1,1,0,1,desktop,1,0
5,207.8,1,2,0,mobile,0,1
6,245.4,5,5,0,desktop,0,1
3,193.2,1,2,0,mobile,1,0
4,90.7,3,2,1,desktop,0,0
5,155.7,2,0,0,desktop,2,1
7,105.3,2,0,0,mobile,0,0
8,70.1,1,7,1,mobile,1,1
5,115.5,2,2,1,desktop,0,1
8,490.3,0,3,1,mobile,0,1
5,56.7,0,3,0,mobile,1,0
6,62.4,2,8,0,mobile,2,0
7,99.5,2,1,1,desktop,2,1
10,202.4,2,1,0,mobile,0,0
4,22.0,2,0,1,mobile,0,0
10,179.0,0,2,0,mobile,0,0
7,68.1,2,3,0,mobile,2,0
3,169.5,2,1,0,desktop,1,0
10,129.5,1,4,0,desktop,2,0
5,82.8,2,0,0,mobile,0,0
6,31.9,3,4,0,desktop,0,0
6,207.6,5,5,0,mobile,1,1
5,97.1,5,4,0,desktop,3,1
4,82.5,3,6,1,desktop,2,0
6,59.3,1,2,0,desktop,1,0
5,137.8,2,2,0,mobile,1,0
4,203.9,1,4,0,mobile,2,0
6,105.9,3,3,1,mobile,1,1
7,59.1,1,5,0,mobile,2,0
10,238.1,2,4,0,mobile,3,1
4,43.8,0,6,1,desktop,0,0
6,92.8,3,2,0,mobile,0,0
8,217.6,1,6,1,desktop,0,0
6,87.0,1,3,0,mobile,1,0
3,29.8,1,4,0,mobile,0,0
6,123.2,1,2,0,mobile,1,0
8,242.5,1,3,0,mobile,0,1
9,68.8,3,4,0,tablet,2,0
3,76.1,3,3,0,desktop,2,0
4,205.9,3,2,0,tablet,0,0
7,4.8,1,4,1,tablet,2,0
4,246.8,0,1,0,desktop,1,0
7,64.4,4,4,0,desktop,2,0
11,23.2,1,1,0,mobile,0,0
3,89.6,4,5,0,mobile,0,0
7,161.9,2,3,0,desktop,0,0
6,83.0,1,3,1,mobile,0,0
4,38.8,4,0,1,desktop,1,0
5,203.9,4,1,1,desktop,1,1
6,94.9,4,2,0,desktop,0,0
6,22.1,4,0,0,desktop,0,0
10,137.9,1,3,0,mobile,1,1
7,30.2,1,1,0,desktop,2,0
5,324.3,4,1,0,tablet,0,0
4,112.8,1,2,0,mobile,0,0
5,53.5,1,2,1,mobile,1,0
3,52.3,1,1,0,desktop,0,0
6,109.3,1,2,0,mobile,0,0
5,276.3,4,4,0,mobile,2,1
3,63.4,2,6,0,mobile,1,0
6,85.6,2,6,0,desktop,1,0
12,135.2,0,0,0,desktop,0,0
5,86.9,6,5,0,desktop,0,0
7,29.2,2,2,0,tablet,2,0
3,109.8,3,4,0,mobile,1,0
5,62.2,2,3,0,tablet,0,0
10,83.2,2,2,1,desktop,1,0
3,301.8,3,3,0,desktop,0,1
6,86.9,4,2,0,desktop,1,1
5,10.8,1,7,0,mobile,0,0
6,80.2,2,5,1,mobile,1,0
4,97.4,1,5,1,tablet,1,0
5,159.9,2,0,0,mobile,1,0
6,122.7,1,5,1,mobile,0,1
8,121.3,3,7,0,mobile,2,0
7,129.1,3,3,1,desktop,0,1
6,176.1,2,1,0,desktop,2,0
8,28.7,3,4,0,mobile,1,0
6,376.4,2,4,0,mobile,3,1
10,76.6,2,2,0,mobile,0,0
6,41.6,1,1,1,desktop,1,0
6,137.9,3,3,1,mobile,1,1
9,83.9,1,5,1,mobile,0,0
5,193.0,3,2,0,mobile,1,1
3,64.8,0,2,0,tablet,2,0
6,210.9,3,3,0,mobile,1,1
4,42.4,4,1,1,tablet,2,0
3,326.6,1,4,0,mobile,1,1
6,101.0,0,3,0,mobile,0,0
9,268.3,1,2,0,mobile,0,1
4,36.6,3,3,0,mobile,2,0
5,170.4,4,3,0,mobile,3,1
12,167.4,2,2,0,desktop,0,1
5,89.3,0,6,1,mobile,0,0
8,11.6,4,3,0,tablet,1,0
2,171.5,3,6,0,mobile,2,0
4,79.3,2,4,0,desktop,0,0
3,239.6,3,2,0,desktop,0,1
7,197.8,1,1,0,mobile,2,0
4,238.8,1,5,0,desktop,1,0
6,151.6,1,4,0,mobile,1,1
9,111.9,2,8,0,mobile,2,1
9,274.6,3,4,1,desktop,1,1
3,468.7,2,2,0,desktop,2,1
7,104.4,2,2,1,desktop,0,0
8,236.1,3,5,0,mobile,1,1
4,59.7,3,3,1,mobile,0,0
5,40.4,3,0,0,mobile,1,0
9,60.6,4,0,1,desktop,2,1
7,56.3,1,5,0,mobile,1,0
6,175.4,1,0,0,desktop,2,1
3,70.5,2,5,0,mobile,4,0
7,43.6,1,4,0,mobile,1,0
6,44.0,0,1,1,mobile,0,0
9,149.3,0,4,0,mobile,1,0
4,174.6,3,4,1,desktop,0,1
6,157.2,0,5,0,mobile,2,0
5,170.0,1,2,1,mobile,1,1
8,79.4,2,4,0,desktop,0,0
10,368.4,2,2,0,mobile,4,1
7,80.9,2,2,0,desktop,1,0
14,67.3,2,4,0,mobile,1,1
4,172.1,1,2,1,tablet,2,0
8,78.4,1,2,0,mobile,1,0
6,66.2,5,1,1,mobile,2,0
7,83.8,2,3,0,mobile,2,0
12,119.5,2,2,1,desktop,0,1
8,211.0,4,0,1,mobile,0,1
5,21.4,2,6,0,mobile,0,0
9,211.8,0,0,1,desktop,1,1
7,28.3,1,2,1,mobile,2,0
5,32.3,1,1,1,tablet,1,0
5,124.2,1,3,0,mobile,3,0
8,23.2,0,4,1,mobile,0,0
9,64.8,3,2,0,mobile,0,0
4,195.7,2,4,0,mobile,3,1
9,171.8,2,1,0,mobile,1,0
7,210.8,2,3,0,mobile,0,0
9,61.1,3,1,1,mobile,0,0
4,81.3,1,1,0,desktop,0,0
4,29.8,6,2,1,desktop,2,1
8,83.6,2,3,0,mobile,1,0
7,31.1,2,2,0,mobile,0,0
7,480.4,0,2,0,mobile,0,1
5,140.5,3,3,0,mobile,0,0
4,118.7,1,1,0,mobile,0,0
8,58.1,2,4,1,mobile,0,0
8,53.7,2,4,0,mobile,2,0
8,72.3,1,4,0,mobile,1,0
6,129.9,1,3,0,mobile,1,0
5,40.9,4,0,0,desktop,0,0
5,30.4,4,3,1,mobile,0,0
8,4.7,5,1,0,mobile,0,0
6,143.0,5,5,1,mobile,1,0
5,91.7,0,4,0,mobile,0,0
4,71.9,2,11,0,mobile,0,0
4,40.3,1,3,1,tablet,3,0
4,72.2,2,1,0,mobile,1,0
7,242.6,3,3,0,tablet,0,1
6,51.4,2,4,0,mobile,3,0
6,155.2,4,3,0,mobile,0,0
5,171.6,1,2,1,tablet,2,1
9,37.5,1,2,0,mobile,1,0
8,44.1,1,3,0,desktop,1,0
5,95.6,4,3,0,desktop,1,0
4,355.9,2,5,1,mobile,1,1
5,196.7,2,8,1,desktop,2,1
8,95.7,4,4,0,mobile,0,0
10,201.4,3,4,1,mobile,2,1
9,10.5,1,6,0,mobile,1,0
4,89.6,0,1,1,mobile,0,0
6,9.8,3,2,0,desktop,1,0
7,113.0,1,2,1,desktop,0,1
8,165.9,4,1,0,mobile,1,1
7,64.5,0,4,0,mobile,2,0
6,61.9,3,2,0,mobile,1,0
9,97.5,2,2,0,desktop,2,0
8,69.2,3,2,0,tablet,1,1
5,78.0,1,3,0,desktop,0,0
7,215.8,3,3,1,mobile,0,1
10,172.1,2,5,1,mobile,0,1
7,131.0,2,3,1,desktop,1,1
6,24.5,1,4,1,desktop,0,1
5,148.5,1,5,0,desktop,1,0
4,94.6,2,0,0,desktop,1,0
1,70.0,0,0,1,mobile,1,0
7,78.5,1,2,0,mobile,1,0
4,246.1,1,4,1,tablet,1,1
5,191.7,2,5,0,desktop,0,1
5,77.3,3,2,0,desktop,2,0
9,284.2,1,6,0,mobile,2,1
4,181.8,1,1,0,desktop,1,0
5,53.3,1,5,0,desktop,2,0
3,52.2,2,3,0,desktop,3,0
6,111.7,2,0,0,desktop,1,1
8,43.4,1,5,0,desktop,2,0
10,306.8,5,3,0,tablet,3,1
9,114.0,2,1,0,mobile,0,0
11,46.0,2,6,0,mobile,2,0
7,258.4,4,3,0,mobile,2,1
15,9.4,1,1,0,tablet,0,0
4,114.6,4,1,0,mobile,2,0
7,91.5,0,2,0,mobile,1,0
9,29.6,4,2,0,mobile,0,0
5,273.4,2,2,0,mobile,1,1
7,66.7,1,5,0,mobile,1,1
9,59.8,3,2,0,tablet,3,1
10,173.4,1,3,0,mobile,0,0
7,111.1,1,6,0,mobile,1,1
10,47.4,1,3,0,desktop,0,0
2,66.1,0,3,0,desktop,2,0
7,249.3,2,4,1,tablet,0,1
7,83.3,2,2,0,desktop,1,0
8,350.7,0,3,1,mobile,2,1
5,42.6,2,4,1,tablet,3,0
14,74.6,0,5,1,desktop,1,0
4,55.0,4,4,0,mobile,0,0
6,164.0,3,3,0,mobile,1,1
5,362.0,2,2,0,tablet,0,0
5,105.3,2,2,0,mobile,0,0
9,119.9,1,2,0,mobile,0,0
4,71.5,2,5,1,mobile,1,1
3,27.0,0,3,0,desktop,2,0
5,83.7,1,3,1,mobile,3,1
6,139.3,1,6,1,mobile,1,1
6,63.3,2,1,0,mobile,0,0
7,30.0,2,2,0,mobile,0,0
8,5.7,2,2,1,mobile,1,0
7,283.7,5,3,0,mobile,0,1
5,70.7,0,4,0,mobile,1,0
11,134.8,3,5,0,mobile,2,1
8,207.6,1,6,0,mobile,0,0
6,237.6,1,3,1,desktop,0,1
3,61.8,0,4,0,tablet,1,0
6,130.7,2,3,0,mobile,0,0
5,141.5,0,4,0,tablet,1,0
4,187.3,4,4,0,mobile,0,0
3,140.3,1,4,1,desktop,1,0
3,120.0,2,2,0,desktop,0,0
7,43.3,4,5,0,tablet,0,0
13,161.0,2,3,0,mobile,1,1
8,97.6,1,2,0,mobile,0,0
2,260.4,2,5,1,mobile,0,1
9,162.0,0,3,0,desktop,1,0
5,14.8,0,2,0,desktop,0,1
4,40.5,3,3,0,desktop,0,0
11,72.0,1,4,0,mobile,1,0
3,95.5,1,4,0,desktop,0,0
8,390.7,3,3,0,mobile,1,1
4,175.3,1,7,1,desktop,2,1
6,55.1,2,4,0,tablet,1,0
6,178.9,0,3,0,desktop,0,0
10,115.8,2,0,1,desktop,1,1
3,180.1,3,1,0,mobile,0,0
8,77.5,2,2,1,mobile,2,1
6,414.2,1,6,1,mobile,2,1
7,282.8,4,2,0,tablet,2,1
5,157.4,1,1,0,mobile,0,0
6,70.2,1,3,0,desktop,0,0
7,180.0,4,2,0,mobile,1,1
11,27.0,1,4,0,desktop,1,0
8,296.8,1,2,0,desktop,3,1
3,254.5,1,2,1,mobile,1,1
8,144.6,0,0,0,desktop,0,0
6,44.6,3,1,1,desktop,0,0
10,77.1,0,3,0,mobile,2,0
5,10.8,3,3,1,desktop,1,0
8,86.0,1,4,0,mobile,2,0
4,40.9,4,2,0,mobile,0,0
8,15.7,2,5,1,mobile,0,1
7,70.0,0,3,0,mobile,2,0
4,75.2,0,1,0,mobile,1,0
6,31.9,0,5,0,mobile,0,0
5,126.5,2,3,1,mobile,1,0
8,200.5,2,2,1,desktop,3,1
7,132.1,0,4,0,mobile,0,0
4,95.5,0,3,0,desktop,1,0
4,101.7,3,3,1,mobile,2,1
3,80.9,3,4,0,mobile,1,0
7,69.4,2,4,1,tablet,1,0
6,130.1,3,2,1,mobile,2,1
7,135.3,1,5,0,mobile,1,0
6,102.3,3,2,0,desktop,1,0
7,71.5,3,5,1,tablet,0,0
4,44.0,1,5,1,mobile,2,0
6,21.6,4,1,1,desktop,1,1
9,44.1,0,3,0,mobile,2,0
7,71.0,3,4,0,mobile,0,0
5,76.7,1,7,0,mobile,2,0
5,474.1,2,4,1,desktop,1,1
3,186.5,2,2,0,mobile,0,0
7,130.7,3,1,0,desktop,1,1
11,157.7,2,3,0,mobile,1,0
6,408.4,2,6,0,desktop,2,1
4,56.2,3,2,0,mobile,2,0
8,306.4,1,4,1,mobile,0,0
7,6.0,2,2,1,tablet,3,1
6,84.9,2,2,1,desktop,1,0
7,38.5,0,6,0,desktop,1,0
2,20.0,3,3,0,mobile,0,0
6,254.2,1,2,0,mobile,2,0
5,83.8,1,2,0,tablet,2,0
10,72.7,1,4,0,desktop,0,0
10,84.8,2,3,1,mobile,3,1
7,111.6,4,5,1,tablet,1,1
10,49.4,5,3,0,desktop,1,0
8,19.7,1,3,0,mobile,0,0
3,96.1,1,5,0,desktop,1,0
4,112.4,1,1,1,mobile,0,0
5,267.8,3,3,1,mobile,0,1
6,93.2,4,3,0,mobile,0,0
9,106.8,2,3,1,desktop,2,1
5,41.1,1,2,0,tablet,0,0
5,41.3,3,1,0,tablet,2,0
5,131.3,1,3,0,mobile,0,0
4,170.9,1,6,0,mobile,0,0
3,210.8,3,2,0,tablet,0,0
6,125.7,1,5,0,desktop,1,0
10,49.1,4,4,0,mobile,1,0
7,22.4,0,2,0,mobile,0,0
4,37.8,3,3,0,tablet,0,0
5,125.5,3,2,0,mobile,3,1
4,25.3,0,2,0,mobile,2,0
5,39.0,4,3,0,desktop,0,0
4,54.5,2,4,1,desktop,0,0
6,147.9,4,2,0,mobile,0,0
7,241.4,4,4,0,mobile,1,1
9,103.7,0,2,0,desktop,0,0
3,119.4,3,5,0,mobile,3,0
7,95.1,1,7,0,tablet,1,0
5,85.5,3,5,0,mobile,1,0
6,138.0,4,3,0,mobile,1,0
6,86.0,0,2,1,desktop,0,0
8,293.0,2,3,0,mobile,2,1
8,114.4,3,5,0,mobile,1,0
7,123.9,1,0,0,desktop,0,0
6,97.4,0,3,0,mobile,2,0
3,177.6,3,4,0,mobile,0,1
1,53.1,1,3,0,desktop,1,0
5,40.9,3,4,0,desktop,2,0
5,160.8,3,2,0,desktop,3,1
3,114.0,1,1,0,mobile,1,0
6,162.4,0,3,1,desktop,1,0
9,76.2,2,3,0,desktop,0,0
6,108.3,4,2,0,mobile,0,0
8,68.4,2,3,1,desktop,2,0
8,93.6,3,2,1,mobile,1,1
7,22.9,1,2,0,mobile,1,0
7,10.3,1,2,1,mobile,2,0
6,26.9,1,2,0,desktop,1,0
6,174.3,1,2,1,mobile,1,1
5,170.5,1,2,0,desktop,1,1
11,301.5,2,4,1,mobile,1,1
3,164.6,3,3,0,desktop,0,0
9,72.2,4,4,0,mobile,2,0
3,95.6,3,3,1,mobile,1,1
5,9.9,2,3,1,desktop,0,0
8,72.9,4,4,0,mobile,0,0
4,108.5,0,1,0,desktop,0,0
7,199.0,1,0,0,tablet,1,1
11,101.8,2,2,1,mobile,1,1
6,35.3,3,8,0,mobile,3,1
5,190.5,3,4,0,mobile,0,0
5,65.5,1,3,1,tablet,0,1
8,48.8,2,4,0,desktop,1,0
5,91.5,2,5,1,desktop,2,1
2,64.8,3,4,1,desktop,0,0
5,108.4,0,2,0,tablet,0,0
3,155.6,0,2,0,mobile,0,0
13,73.1,3,3,0,desktop,1,0
5,74.4,3,2,0,desktop,0,0
8,156.2,3,1,0,desktop,2,1
9,156.5,2,1,0,mobile,1,0
7,116.1,3,3,1,desktop,1,0
9,87.7,2,1,0,mobile,3,0
5,223.4,1,1,0,mobile,1,0
2,54.9,2,3,0,mobile,1,0
4,157.7,1,5,0,desktop,3,1
5,52.8,1,1,1,mobile,2,1
5,106.2,5,6,0,tablet,2,1
6,30.6,0,2,0,mobile,3,0
7,108.7,2,1,0,desktop,1,0
8,232.5,2,3,0,mobile,0,0
8,183.2,0,4,1,mobile,1,1
3,14.4,1,5,1,mobile,1,1
7,226.1,3,3,0,desktop,1,0
7,63.2,2,4,1,mobile,1,0
5,139.7,2,0,0,desktop,0,0
7,96.0,0,2,0,desktop,1,0
9,58.9,2,0,1,mobile,2,0
7,128.3,2,2,0,mobile,0,0
3,60.9,0,3,1,mobile,1,0
4,162.6,2,4,1,mobile,0,1
10,60.1,1,5,1,desktop,1,0
7,54.3,3,3,0,mobile,0,0
9,165.3,2,2,0,mobile,1,0
4,384.7,0,0,1,mobile,1,1
6,196.2,2,1,0,mobile,1,1
10,176.9,1,1,0,mobile,1,0
6,99.1,4,7,0,desktop,1,0
3,155.6,2,1,0,mobile,1,0
8,73.0,2,3,1,mobile,1,1
3,258.1,3,3,0,desktop,0,0
3,20.0,5,3,0,desktop,1,0
7,95.6,0,3,0,desktop,0,0
6,78.8,2,5,1,desktop,0,0
8,99.6,2,10,1,desktop,0,0
7,56.7,1,3,0,mobile,2,0
6,112.4,0,1,0,mobile,1,0
8,55.2,4,5,0,mobile,0,0
6,69.0,1,3,0,desktop,1,0
6,143.4,2,5,0,tablet,1,0
10,469.6,6,5,0,mobile,0,1
8,68.2,0,8,0,mobile,2,0
4,128.3,0,1,1,mobile,1,1
8,216.3,0,6,0,mobile,1,1
7,134.2,3,1,0,desktop,1,0
8,85.7,2,1,1,mobile,0,0
4,84.5,4,3,0,tablet,2,1
5,227.3,0,2,1,desktop,1,1
8,13.8,3,1,0,mobile,0,0
9,111.7,0,2,0,mobile,2,1
6,76.5,4,1,0,tablet,1,0
6,22.5,1,2,0,desktop,1,0
6,103.6,1,5,0,tablet,0,0
5,60.2,2,3,1,mobile,1,1
6,39.1,4,1,1,mobile,0,0
6,245.6,2,3,0,desktop,4,1
4,45.7,2,4,1,tablet,4,0
4,35.8,5,4,0,mobile,0,0
4,26.9,3,2,1,desktop,2,1
4,124.0,1,3,1,mobile,0,0
7,134.4,2,2,0,mobile,0,0
7,380.5,5,4,0,mobile,1,1
7,77.7,3,4,0,mobile,0,0
6,67.5,0,2,1,mobile,1,0
4,34.6,1,3,0,mobile,2,0
7,140.0,3,1,0,desktop,0,0
7,25.8,5,1,0,desktop,0,0
6,59.5,5,0,0,mobile,1,0
5,118.8,0,5,0,desktop,0,0
6,61.5,1,3,1,mobile,0,0
7,60.0,4,2,1,desktop,0,0
5,51.2,2,4,0,desktop,2,0
5,255.4,2,3,1,desktop,1,1
5,57.3,0,2,0,mobile,2,0
7,141.4,1,3,0,mobile,2,0
5,54.1,2,4,0,mobile,1,0
4,66.8,1,4,0,mobile,1,0
5,100.3,1,6,1,mobile,0,0
7,239.6,5,2,0,mobile,2,1
5,10.2,1,1,0,mobile,0,0
4,220.4,1,5,0,mobile,2,1
7,45.2,0,1,0,mobile,2,0
7,110.4,0,4,1,mobile,1,0
4,92.0,3,1,1,tablet,0,0
4,31.4,0,4,1,mobile,2,0
3,60.5,3,3,0,mobile,0,0
4,92.2,2,3,0,mobile,5,1
6,28.7,1,2,0,mobile,0,0
8,189.1,0,2,0,mobile,3,1
4,100.8,3,5,1,mobile,2,1
4,62.7,1,5,0,mobile,0,0
7,74.5,1,6,0,tablet,2,0
8,188.2,3,1,0,mobile,1,1
4,219.2,2,0,1,mobile,1,1
7,48.2,1,4,0,desktop,2,1
9,34.2,1,3,0,tablet,2,0
4,154.8,1,2,0,tablet,0,0
4,38.7,1,3,1,mobile,0,0
6,134.6,0,4,1,tablet,0,0
6,43.6,1,1,0,mobile,3,0
8,43.4,2,0,0,desktop,2,0
10,22.3,1,5,0,mobile,1,0
5,318.2,3,6,0,mobile,1,1
7,220.1,2,2,1,mobile,0,1
7,77.1,3,1,1,mobile,3,1
6,114.7,1,4,0,desktop,1,0
7,112.2,1,3,0,mobile,2,0
11,321.7,2,1,1,mobile,0,1
5,129.8,1,2,0,mobile,1,0
4,176.1,0,3,0,mobile,0,0
9,244.6,2,2,0,mobile,1,1
7,47.2,2,1,0,mobile,1,0
8,54.0,1,0,1,tablet,3,0
6,219.5,2,5,0,mobile,0,0
7,75.0,3,2,0,desktop,2,0
3,41.6,5,4,0,desktop,0,0
5,107.5,1,1,0,mobile,0,0
5,214.9,3,4,1,desktop,1,1
6,344.1,3,4,0,tablet,0,1
7,279.6,0,4,0,desktop,2,1
7,7.3,1,1,0,mobile,1,0
4,76.9,1,2,0,desktop,2,1
7,32.5,4,3,0,desktop,0,0
4,49.3,2,1,0,desktop,1,0
8,110.4,1,4,1,mobile,1,0
4,109.9,1,2,0,mobile,0,0
7,7.6,2,3,1,mobile,2,0
10,49.5,2,3,0,desktop,1,0
4,292.6,1,1,1,desktop,0,1
6,25.8,2,3,0,mobile,0,0
8,215.4,5,1,0,desktop,0,0
3,63.4,1,5,1,mobile,1,0
5,95.8,3,1,0,mobile,2,0
5,234.7,1,4,0,mobile,0,1
13,80.1,1,4,0,desktop,0,0
4,305.0,3,2,0,mobile,1,1
5,24.9,1,2,0,desktop,0,0
8,186.0,1,1,1,desktop,1,1
7,169.8,1,3,0,mobile,0,0
10,282.1,2,5,0,mobile,3,1
7,149.5,1,3,0,mobile,0,0
4,86.9,2,3,0,desktop,1,0
4,46.3,3,2,0,mobile,1,0
2,74.7,1,5,0,mobile,3,0
5,21.8,1,5,0,mobile,1,0
5,179.1,3,6,0,mobile,1,1
3,95.3,1,2,0,mobile,1,0
3,85.0,2,5,0,tablet,0,0
9,70.2,3,0,1,desktop,1,1
9,163.1,2,2,1,desktop,1,1
7,84.5,6,3,0,desktop,0,0
8,103.0,1,7,0,mobile,1,0
2,101.5,2,5,0,desktop,0,0
7,148.0,1,3,1,mobile,1,1
6,140.1,2,3,0,desktop,0,0
8,234.4,2,0,0,mobile,1,1
12,214.2,4,4,1,desktop,1,1
2,69.3,2,6,1,mobile,2,0
6,335.3,0,1,0,desktop,2,0
6,138.8,4,3,0,desktop,1,0
6,384.2,3,2,0,mobile,0,1
4,125.4,3,5,1,tablet,2,1
5,74.9,4,4,0,mobile,3,1
7,62.0,1,3,1,mobile,1,0
8,19.8,3,1,1,mobile,1,0
8,117.4,2,4,1,mobile,0,0
3,122.2,1,1,0,mobile,0,0
6,96.6,2,1,1,mobile,1,0
9,131.0,3,2,0,tablet,0,0
7,29.4,1,0,1,mobile,3,1
9,90.4,3,1,0,tablet,0,0
5,36.9,4,4,1,desktop,1,1
5,133.9,0,2,0,desktop,1,0
4,111.1,2,2,0,desktop,2,0
3,212.8,2,2,1,desktop,2,1
5,76.7,1,3,0,mobile,2,0
6,211.9,3,2,0,desktop,1,1
6,89.8,1,4,0,mobile,1,0
4,161.2,1,4,0,mobile,0,0
5,51.4,0,5,0,desktop,2,0
4,101.8,1,4,1,mobile,1,0
10,93.7,1,4,0,desktop,1,0
3,221.4,2,2,0,mobile,1,0
8,93.5,2,5,0,desktop,3,0
6,94.3,2,4,0,desktop,0,0
7,365.4,2,4,1,mobile,0,1
6,180.1,1,3,0,desktop,1,0
12,79.3,1,3,0,mobile,2,0
4,149.9,4,1,0,desktop,0,0
4,192.6,5,7,1,mobile,1,1
6,108.4,3,3,0,desktop,0,0
6,175.4,3,2,1,mobile,1,1
4,101.6,0,4,1,tablet,2,0
7,222.6,1,3,1,desktop,0,0
6,16.5,3,2,1,desktop,1,1
7,44.8,1,2,0,mobile,2,0
3,71.7,1,5,0,desktop,2,0
6,175.1,1,7,0,desktop,0,0
7,130.1,1,2,0,mobile,2,0
3,53.4,2,6,0,mobile,0,0
9,111.4,4,8,0,mobile,2,0
6,17.4,2,5,0,mobile,2,0
6,26.0,1,5,0,desktop,1,0
13,22.4,1,3,1,desktop,1,0
5,37.9,3,3,0,mobile,1,0
8,169.7,2,2,0,mobile,1,0
6,133.5,2,1,0,mobile,0,0
4,81.4,4,3,1,mobile,0,0
9,173.6,2,3,0,mobile,0,1
4,232.3,2,4,0,mobile,0,0
4,39.5,2,5,0,desktop,0,0
7,217.1,1,5,0,desktop,1,0
5,53.0,1,2,0,tablet,1,0
8,61.4,1,1,1,desktop,0,0
6,318.1,3,8,0,mobile,2,1
5,114.5,1,5,0,desktop,1,0
4,68.9,3,0,0,mobile,1,0
4,152.4,0,5,0,tablet,0,0
7,188.8,1,2,1,desktop,1,1
5,115.5,2,5,1,mobile,0,0
4,68.9,1,2,0,mobile,1,1
8,129.4,3,4,0,tablet,2,1
3,159.6,3,4,0,desktop,2,0
8,91.1,0,1,1,mobile,0,0
4,305.4,1,5,0,mobile,1,1
7,125.4,2,2,0,desktop,0,0
6,181.6,2,2,0,tablet,0,0
5,185.4,2,2,0,tablet,1,0
4,27.1,2,1,0,tablet,1,0
5,153.0,4,1,1,mobile,1,1
7,163.9,3,9,0,desktop,1,0
7,68.0,4,2,1,mobile,0,0
4,59.5,4,3,1,desktop,1,0
4,26.6,2,2,0,mobile,4,1
5,246.8,0,6,0,desktop,0,0
8,50.8,0,5,1,mobile,0,0
6,27.8,3,2,0,desktop,1,0
7,78.5,1,3,0,mobile,0,0
5,43.4,3,8,1,tablet,1,0
3,27.4,2,6,0,mobile,3,0
5,407.1,1,3,0,mobile,0,1
7,41.0,3,0,0,desktop,1,0
7,53.6,3,3,1,desktop,1,1
8,111.1,4,2,0,tablet,1,1
7,26.9,1,1,1,mobile,0,0
3,94.4,3,3,0,desktop,0,0
7,156.7,2,2,0,tablet,1,1
6,119.9,2,6,1,tablet,3,1
4,139.2,2,2,1,mobile,2,1
7,91.8,4,2,0,mobile,0,0
7,69.9,2,7,0,desktop,2,0
12,141.0,2,4,0,tablet,1,1
6,134.1,4,4,0,desktop,0,0
8,39.4,5,3,0,desktop,1,0
6,109.9,1,3,1,mobile,1,0
5,96.6,1,4,1,mobile,2,0
2,159.6,1,4,1,mobile,0,1
8,128.6,5,3,0,mobile,1,0
6,230.4,2,4,0,mobile,2,0
5,190.6,3,1,0,mobile,1,0
7,206.4,1,3,1,tablet,1,1
2,162.7,3,3,0,mobile,1,0
4,200.1,3,5,0,desktop,0,1
6,75.1,8,4,1,mobile,0,1
9,185.5,4,3,0,desktop,1,1
6,97.0,3,1,0,desktop,0,0
3,27.9,3,3,1,mobile,1,0
12,183.7,3,7,0,mobile,1,1
9,120.6,3,2,1,mobile,1,1
4,257.6,3,1,0,desktop,1,1
8,109.0,5,3,0,mobile,2,0
6,52.3,0,3,0,mobile,0,0
4,64.2,2,3,1,mobile,3,0
11,85.0,1,5,1,mobile,0,0
7,123.2,2,3,0,desktop,0,0
8,202.0,4,3,1,mobile,1,1
3,121.3,2,1,0,tablet,1,0
5,38.6,2,7,0,mobile,0,0
9,124.3,2,2,0,mobile,0,0
7,224.1,3,0,1,mobile,0,1
5,110.8,2,2,0,mobile,0,0
8,138.5,3,2,1,desktop,1,1
6,94.5,3,0,0,mobile,0,0
6,93.9,1,2,0,mobile,1,0
5,207.4,0,3,0,mobile,0,1
8,173.1,0,4,1,mobile,1,1
8,428.1,1,4,0,mobile,0,1
6,70.0,2,8,0,mobile,0,0
3,58.3,1,2,1,desktop,2,1
6,28.9,2,2,0,desktop,2,0
2,84.4,1,5,0,desktop,2,0
4,97.9,0,4,0,desktop,1,0
12,56.1,2,2,1,mobile,2,1
5,141.0,1,2,0,mobile,1,0
7,175.5,2,5,0,desktop,0,0
6,136.5,1,3,0,mobile,2,1
12,42.9,1,0,0,desktop,0,0
6,59.8,1,3,0,desktop,0,0
8,107.2,4,4,1,desktop,1,1
7,216.6,3,7,0,mobile,0,0
7,91.0,0,0,0,desktop,0,0
8,13.8,1,3,1,mobile,1,0
7,83.8,3,5,1,mobile,1,0
6,102.3,2,2,0,desktop,4,0
3,275.8,2,1,1,mobile,2,1
4,13.6,4,4,0,mobile,1,0
3,176.4,0,3,1,mobile,2,1
5,29.4,3,3,1,mobile,0,0
7,71.6,1,4,0,desktop,2,0
3,133.3,2,0,0,desktop,0,0
7,192.4,7,1,1,desktop,3,1
7,60.2,2,5,0,desktop,3,0
8,73.6,3,2,0,mobile,1,0
6,90.1,3,3,1,desktop,2,1
3,57.4,1,6,0,mobile,0,0
3,258.0,4,3,0,mobile,1,1
8,120.1,2,6,1,desktop,1,0
4,166.3,1,3,0,mobile,0,1
9,91.0,4,4,1,mobile,1,1
4,90.4,4,0,0,mobile,3,1
4,204.3,1,0,1,mobile,2,0
7,101.6,2,3,1,desktop,0,0
7,148.4,1,2,0,desktop,0,0
5,77.7,0,4,1,mobile,2,0
6,61.6,1,4,0,desktop,0,0
8,116.7,1,6,0,desktop,1,0
6,52.2,2,3,0,mobile,1,0
6,24.7,3,2,0,desktop,1,0
6,78.2,3,2,1,mobile,1,0
5,298.3,0,4,0,desktop,0,1
7,145.0,1,2,0,tablet,0,1
3,68.7,1,2,1,mobile,1,0
5,149.3,3,1,0,desktop,0,0
6,224.5,2,2,0,mobile,0,0
8,56.7,0,2,0,desktop,0,0
4,149.1,0,3,0,desktop,1,0
10,76.6,2,4,0,mobile,3,1
3,241.5,2,1,1,mobile,1,1
4,67.9,1,6,0,tablet,0,0
7,74.7,2,3,0,tablet,1,1
6,138.1,1,1,0,tablet,0,0
8,50.4,0,6,0,tablet,0,0
3,47.7,1,1,0,mobile,2,0
9,234.8,1,1,1,tablet,1,1
8,204.7,1,2,0,desktop,0,1
3,170.1,3,1,1,mobile,0,1
7,60.3,5,1,1,desktop,2,0
4,104.5,0,4,0,desktop,0,1
5,114.5,0,1,1,mobile,0,1
6,286.3,2,1,1,desktop,1,1
5,98.3,2,4,1,mobile,1,0
7,55.9,3,3,0,desktop,1,0
6,159.9,1,1,0,desktop,0,0
7,116.4,4,4,0,tablet,2,0
4,174.6,2,0,0,mobile,0,0
5,254.8,0,4,0,desktop,3,1
4,265.1,4,6,0,mobile,0,0
5,66.4,3,3,0,desktop,3,0
5,78.2,3,3,0,desktop,0,0
6,10.4,0,3,0,mobile,0,0
5,55.1,4,2,0,mobile,1,0
7,96.5,5,3,0,desktop,2,0
6,238.3,2,5,0,mobile,1,1
8,93.9,1,5,0,mobile,0,0
6,192.5,3,3,0,tablet,0,1
6,63.1,3,0,0,desktop,1,0
7,40.2,4,1,0,mobile,1,0
4,102.4,2,4,0,desktop,2,1
8,126.6,2,2,0,mobile,1,0
7,56.0,2,2,0,desktop,3,0
8,34.9,0,5,0,desktop,2,0
8,68.9,3,4,0,mobile,0,0
6,158.8,5,1,1,mobile,1,1
6,102.1,2,2,0,mobile,0,0
6,46.4,4,2,0,tablet,1,0
8,52.4,1,2,0,desktop,1,0
4,171.6,1,3,1,mobile,5,1
7,88.6,2,2,0,mobile,1,0
7,27.0,4,6,0,mobile,1,0
4,220.5,1,1,1,desktop,0,1
9,28.8,4,2,0,tablet,0,1
8,199.9,3,0,0,mobile,1,0
4,64.5,0,3,0,mobile,2,0
5,44.0,2,4,0,mobile,0,0
3,113.1,1,2,1,mobile,2,0
5,84.3,4,5,0,mobile,0,0
4,68.0,1,1,1,desktop,1,0
6,117.7,2,4,0,desktop,0,0
7,32.7,2,5,0,mobile,0,0
7,108.3,3,1,0,mobile,0,0
5,114.1,5,1,1,desktop,2,1
5,64.1,3,4,0,desktop,2,0
6,2.2,1,2,1,desktop,3,0
9,87.4,3,3,0,desktop,1,0
6,85.4,1,3,0,desktop,2,0
9,78.6,1,6,1,tablet,0,1
3,19.0,3,4,0,desktop,2,0
8,109.2,1,1,1,mobile,0,0
12,184.8,3,1,0,desktop,2,1
5,81.5,0,3,0,mobile,0,0
7,33.1,1,2,0,desktop,0,0
4,136.4,3,2,0,tablet,1,0
4,258.4,0,5,0,desktop,2,1
2,46.2,5,2,0,desktop,0,0
4,47.6,1,3,1,mobile,2,0
7,224.6,4,1,0,mobile,2,1
4,87.2,0,3,0,desktop,2,0
3,17.4,1,2,0,mobile,0,0
7,312.3,1,2,0,desktop,0,0
5,6.4,0,4,0,mobile,1,0
4,14.6,5,1,1,desktop,0,1
7,35.7,3,4,0,desktop,0,0
3,162.8,3,4,0,mobile,0,0
4,172.6,3,3,1,desktop,0,0
11,28.2,1,4,0,desktop,1,0
8,49.1,1,2,0,mobile,0,0
5,123.5,4,0,1,desktop,1,1
2,255.9,2,2,1,desktop,1,1
4,5.6,1,6,1,mobile,4,0
8,15.5,2,5,0,desktop,0,0
8,64.3,1,4,0,desktop,2,0
4,23.5,2,1,1,mobile,0,0
8,215.7,2,5,1,desktop,0,1
3,92.6,1,4,0,mobile,2,1
6,202.7,2,2,0,desktop,4,0
3,124.6,1,3,1,mobile,2,0
5,158.8,2,1,0,desktop,1,0
6,55.4,5,4,0,desktop,0,0
4,12.9,1,3,0,mobile,3,0
5,83.6,1,0,0,mobile,2,0
6,185.7,3,4,1,desktop,4,1
3,306.4,4,2,0,desktop,0,1
6,79.1,2,3,0,mobile,1,0
7,163.5,1,2,0,mobile,1,0
3,54.5,3,4,0,desktop,1,0
6,69.3,0,3,0,mobile,1,0
6,91.2,3,3,0,mobile,1,1
8,270.0,4,1,1,tablet,0,1
9,159.3,1,4,1,desktop,1,1
8,143.4,3,2,0,mobile,0,0
5,260.4,4,1,0,desktop,0,0
8,48.9,3,4,0,mobile,0,0
7,78.4,2,4,0,mobile,2,0
8,144.2,2,2,0,mobile,0,0
6,61.1,0,3,0,mobile,2,0
6,75.5,2,2,0,desktop,1,0
6,116.3,2,0,0,desktop,0,0
8,93.9,2,4,0,mobile,0,0
6,37.6,3,5,0,mobile,0,0
3,53.9,2,2,0,desktop,2,0
5,37.2,5,3,0,mobile,1,0
8,163.2,5,4,0,mobile,0,1
8,52.2,1,9,0,tablet,2,0
7,144.7,3,4,0,desktop,2,1
4,109.0,1,6,1,mobile,1,0
2,95.6,2,1,1,mobile,1,0
5,31.4,3,4,0,mobile,0,0
10,108.1,1,5,0,mobile,2,0
6,134.3,2,4,1,desktop,0,1
5,164.0,0,3,0,mobile,0,1
5,36.8,2,2,0,desktop,2,0
8,80.6,2,1,1,mobile,1,0
5,194.2,1,4,0,desktop,1,0
7,180.1,1,8,0,mobile,0,0
3,91.2,3,2,1,mobile,1,0
8,30.4,1,3,0,mobile,2,0
4,170.4,3,0,0,desktop,2,1
4,97.2,2,4,1,tablet,1,1
7,44.2,2,3,1,mobile,0,0
5,82.8,1,1,0,mobile,0,0
8,31.2,2,4,0,mobile,0,0
7,169.7,0,0,0,mobile,0,0
9,18.1,1,1,1,tablet,1,0
4,203.6,0,2,0,tablet,0,0
6,119.1,0,0,1,mobile,1,0
7,31.7,1,2,1,desktop,0,0
4,76.8,2,1,1,mobile,2,0
5,70.2,0,0,0,desktop,2,0
9,47.0,3,6,1,desktop,0,0
5,111.0,2,6,0,mobile,2,0
5,263.0,3,4,0,mobile,0,0
5,50.9,0,2,0,mobile,0,0
5,103.3,2,1,0,mobile,2,1
9,98.3,1,3,0,mobile,0,0
8,110.1,3,4,1,desktop,0,0
8,7.1,1,2,1,desktop,0,0
6,213.5,2,1,0,mobile,2,1
8,415.9,3,2,0,mobile,0,1
5,96.7,4,4,0,tablet,0,0
8,161.1,1,4,0,mobile,0,1
3,130.8,0,2,0,desktop,5,0
3,36.0,2,1,1,desktop,2,0
6,91.1,2,3,0,desktop,2,0
6,54.5,1,3,1,mobile,1,1
9,84.3,0,2,0,mobile,2,0
7,100.7,5,1,0,desktop,0,0
6,106.2,3,2,1,tablet,0,0
9,50.6,0,1,0,tablet,2,0
6,106.5,5,4,1,mobile,1,0
8,86.8,3,4,0,mobile,1,0
5,202.2,1,1,1,mobile,0,0
8,155.8,1,4,1,desktop,1,1
7,177.7,2,2,0,mobile,0,0
6,186.7,4,4,1,mobile,0,1
4,43.0,1,0,0,mobile,1,0
6,151.0,0,3,0,desktop,0,0
6,41.3,0,3,1,mobile,1,0
5,241.6,3,3,0,desktop,0,0
2,149.0,1,4,0,desktop,3,1
7,38.8,4,3,0,mobile,2,0
7,109.2,1,1,0,mobile,0,0
8,48.0,3,6,0,desktop,1,0
9,66.3,2,1,1,mobile,1,0
8,122.5,1,3,0,desktop,0,0
2,59.6,0,3,0,tablet,1,0
6,78.7,1,5,1,mobile,2,0
5,189.6,0,6,0,desktop,0,0
9,84.4,3,5,1,desktop,3,1
4,43.6,1,1,0,desktop,0,0
2,15.6,1,3,0,mobile,1,0
3,156.7,1,4,0,tablet,1,0
4,154.9,0,1,0,mobile,0,0
8,109.6,2,3,1,mobile,0,0
5,379.8,2,4,0,desktop,1,1
8,76.0,2,0,0,mobile,0,0
12,204.4,0,1,1,mobile,1,0
4,54.6,4,6,0,tablet,0,0
8,163.0,4,4,0,mobile,0,0
6,37.7,2,4,0,mobile,0,0
10,160.5,2,5,0,mobile,0,0
6,78.9,3,4,0,desktop,0,0
8,138.2,2,4,0,tablet,2,1
5,112.9,1,1,0,tablet,1,0
4,153.1,0,1,1,desktop,1,1
6,14.2,4,1,1,desktop,1,0
5,86.2,1,4,0,desktop,1,0
9,196.2,2,2,0,desktop,0,0
5,215.1,2,3,1,desktop,1,1
4,133.7,2,3,1,mobile,0,0
6,201.3,2,1,1,mobile,1,1
3,83.2,2,2,1,mobile,3,1
7,56.8,3,3,0,mobile,0,0
7,103.2,2,0,0,tablet,0,0
4,114.2,1,3,1,desktop,1,1
5,128.1,4,0,1,mobile,0,0
6,97.2,4,6,1,mobile,1,1
8,98.4,1,2,1,tablet,1,1
7,167.3,1,6,0,desktop,1,1
4,47.1,3,3,0,mobile,2,1
7,113.0,5,4,0,mobile,0,1
4,133.9,3,1,0,mobile,2,0
7,59.9,2,2,0,desktop,1,0
3,77.7,2,5,0,desktop,0,0
4,268.7,4,3,1,mobile,1,1
5,109.0,1,2,0,mobile,1,0
12,455.1,1,3,1,mobile,1,1
6,103.1,2,1,0,desktop,0,0
5,173.5,4,2,1,tablet,1,1
4,25.1,0,2,0,desktop,0,0
3,14.1,2,3,0,desktop,2,0
8,41.7,2,3,0,desktop,1,0
5,188.7,3,5,0,mobile,2,0
2,78.9,3,2,0,mobile,2,0
1,24.0,2,1,0,mobile,4,0
7,101.6,0,0,0,mobile,0,0
6,176.3,3,5,1,tablet,1,0
6,46.2,4,2,1,tablet,3,0
10,183.9,4,4,0,mobile,2,1
2,31.2,4,3,0,mobile,2,0
3,173.1,0,6,0,mobile,0,0
6,56.6,2,1,0,desktop,0,0
5,227.3,1,2,0,mobile,1,1
6,257.9,3,3,0,mobile,2,1
9,129.2,5,4,0,desktop,0,0
8,60.1,0,5,0,tablet,2,0
6,472.2,1,2,0,mobile,3,1
7,52.9,2,3,1,mobile,1,0
5,281.7,3,4,0,mobile,2,1
5,350.9,1,2,0,desktop,0,1
6,133.0,3,2,0,mobile,2,0
6,37.7,2,1,1,mobile,0,0
4,124.9,3,2,0,desktop,0,0
7,387.1,2,3,1,mobile,2,1
9,59.8,2,2,0,mobile,3,0
4,92.3,5,2,1,tablet,1,1
7,10.5,1,2,0,desktop,2,0
4,92.7,2,5,0,desktop,1,1
9,157.8,1,5,1,mobile,0,0
4,42.4,3,6,0,desktop,0,0
12,274.3,1,3,0,mobile,2,1
9,27.5,3,3,0,mobile,0,0
11,60.6,4,0,0,mobile,0,0
8,240.6,5,4,0,tablet,2,1
10,87.1,3,3,1,tablet,1,1
8,314.9,2,5,0,desktop,1,1
9,15.9,1,3,1,tablet,0,0
9,73.9,1,2,0,mobile,2,1
5,127.5,2,3,1,mobile,0,0
6,377.7,2,1,1,mobile,0,1
7,110.2,3,4,0,mobile,1,0
6,149.2,1,3,0,desktop,0,0
3,97.5,1,4,0,mobile,0,0
6,89.9,2,4,1,mobile,2,1
4,59.9,0,3,1,desktop,2,0
8,136.0,1,4,0,mobile,1,0
2,79.5,2,4,0,mobile,0,0
2,155.5,2,6,0,mobile,0,0
4,108.8,4,1,0,desktop,2,0
3,72.9,1,2,0,tablet,2,0
6,276.8,4,5,0,desktop,1,1
1,55.0,1,4,1,mobile,1,0
5,62.2,2,4,0,desktop,2,0
5,9.0,3,1,0,mobile,0,0
4,82.8,4,1,0,mobile,2,0
3,262.4,0,4,0,desktop,0,1
6,267.0,4,4,0,desktop,0,0
6,67.5,3,4,0,mobile,3,0
4,146.2,5,0,0,mobile,1,0
3,170.1,2,0,1,mobile,2,1
7,25.6,3,3,1,mobile,0,0
3,220.9,2,2,0,mobile,3,0
8,30.6,2,2,0,desktop,1,0
6,71.8,1,0,0,mobile,2,0
11,38.6,2,4,1,mobile,1,1
3,126.8,0,4,0,mobile,1,0
7,49.6,1,3,0,desktop,0,0
7,60.0,2,3,0,desktop,1,0
7,192.1,0,3,1,mobile,1,1
5,66.4,3,4,0,mobile,0,0
7,98.7,0,4,0,desktop,2,0
7,30.2,2,4,0,mobile,1,0
3,21.2,4,3,1,mobile,1,0
4,113.9,2,3,0,mobile,0,0
4,64.0,0,4,1,tablet,1,0
7,308.2,0,2,0,mobile,0,1
3,403.3,2,3,0,mobile,1,1
6,33.0,2,3,0,desktop,2,0
4,22.1,1,1,1,mobile,1,0
9,312.7,0,2,0,mobile,0,1
4,138.9,5,4,1,tablet,1,1
8,111.7,3,4,0,mobile,1,1
3,24.9,0,4,1,tablet,1,0
5,383.0,2,3,0,desktop,0,1
4,47.8,2,2,0,tablet,1,0
7,174.5,0,3,0,mobile,3,0
6,168.1,2,3,1,mobile,0,1
3,19.9,4,1,1,mobile,2,0
13,56.2,6,3,0,mobile,3,1
2,27.1,2,0,0,mobile,1,0
5,11.7,1,6,0,mobile,0,0
7,82.7,3,3,0,mobile,2,1
5,30.8,3,2,0,mobile,1,0
8,48.0,2,5,0,tablet,1,0
6,24.1,0,6,0,desktop,1,0
5,74.4,3,4,1,mobile,1,1
8,306.3,1,4,0,desktop,1,1
8,124.9,0,1,1,desktop,0,0
3,62.6,1,5,0,mobile,0,0
6,93.0,2,3,1,mobile,1,1
4,118.0,3,2,0,tablet,0,0
5,119.5,4,4,0,desktop,1,1
6,76.8,2,4,0,mobile,2,0
8,53.1,1,2,0,mobile,2,0
7,173.7,5,5,1,desktop,1,1
4,35.2,1,6,1,mobile,0,0
7,175.6,3,3,1,mobile,1,1
4,67.8,2,3,0,mobile,1,0
5,222.3,2,2,0,mobile,2,1
6,40.2,4,3,0,mobile,2,0
5,39.4,1,2,1,mobile,1,0
6,101.6,1,7,0,desktop,3,1
5,47.5,2,0,1,tablet,0,0
10,314.8,1,6,0,desktop,2,1
7,54.6,1,4,0,mobile,0,0
2,43.6,4,1,1,mobile,0,0
6,134.8,0,5,1,desktop,2,1
8,7.3,4,3,0,mobile,0,0
3,328.6,1,5,1,tablet,1,1
5,154.2,1,4,1,tablet,1,1
5,118.7,1,3,1,tablet,0,0
3,50.0,1,5,1,desktop,0,0
5,87.1,2,1,0,mobile,1,0
7,56.1,3,1,0,desktop,0,0
4,66.0,3,6,1,mobile,3,0
5,186.5,1,2,0,desktop,0,0
3,128.0,4,3,0,mobile,0,0
7,71.8,4,4,1,desktop,3,1
4,18.1,2,2,0,desktop,1,0
5,418.2,3,3,0,mobile,1,1
5,187.6,2,3,0,mobile,1,0
5,54.6,5,2,0,desktop,0,0
5,111.3,1,2,0,tablet,0,0
7,43.8,1,3,1,desktop,1,0
5,52.9,3,3,1,tablet,0,0
8,49.3,2,6,0,tablet,3,0
5,105.3,1,2,0,tablet,0,0
4,50.1,0,4,1,mobile,0,1
3,101.8,2,0,1,mobile,1,0
5,242.5,2,1,0,desktop,2,1
4,33.3,5,8,0,mobile,2,1
2,33.5,4,5,0,desktop,2,0
5,280.1,3,4,0,desktop,2,1
6,156.9,3,1,0,desktop,1,0
6,96.8,5,3,1,mobile,0,1
5,23.3,1,2,0,desktop,0,0
4,18.9,3,0,0,tablet,0,0
4,43.1,1,6,0,mobile,2,0
7,107.7,4,2,1,desktop,1,0
2,198.2,5,0,0,desktop,0,0
6,105.2,2,2,0,mobile,0,0
5,110.4,2,6,0,mobile,0,0
7,216.3,3,2,0,desktop,3,0
7,134.1,2,1,1,mobile,1,0
9,60.9,3,2,1,mobile,1,1
5,91.9,1,2,0,tablet,2,0
2,202.1,1,7,0,mobile,1,0
8,118.0,1,5,0,tablet,0,0
10,296.5,3,1,0,mobile,0,1
3,51.0,0,4,0,mobile,1,0
6,36.7,4,6,0,desktop,0,0
7,124.9,2,2,0,mobile,2,0
3,103.3,2,3,1,mobile,0,0
11,33.2,3,4,1,desktop,1,0
6,56.8,0,2,1,desktop,3,0
3,244.0,3,3,0,mobile,1,1
6,138.4,2,3,0,mobile,0,0
8,60.3,1,2,0,mobile,0,0
6,41.7,3,4,1,desktop,3,1
6,71.9,3,2,1,mobile,2,1
4,194.6,3,2,0,mobile,0,1
8,100.5,2,6,1,mobile,1,0
3,90.5,3,2,0,mobile,2,0
12,201.5,1,1,0,mobile,0,0
7,34.9,1,4,0,mobile,3,0
6,48.8,3,1,1,mobile,1,0
7,107.2,0,1,0,desktop,2,0
5,90.3,1,2,0,mobile,1,0
5,75.7,1,6,0,desktop,1,0
6,208.4,2,3,0,mobile,2,1
6,13.4,3,1,1,desktop,0,0
2,38.0,3,4,0,mobile,0,0
8,148.1,4,5,1,tablet,1,1
10,66.4,2,3,0,mobile,0,0
7,387.1,3,7,0,desktop,1,1
7,215.3,2,2,1,desktop,0,1
4,66.7,6,3,1,mobile,1,0
7,145.0,5,1,0,desktop,2,1
9,139.6,0,4,0,mobile,0,0
9,260.2,1,2,0,desktop,2,1
9,77.7,0,1,1,mobile,1,0
7,59.1,0,4,1,mobile,0,0
5,132.3,2,7,0,mobile,3,1
4,78.5,1,4,0,mobile,4,0
6,157.4,1,2,1,desktop,1,1
6,240.1,0,2,0,mobile,2,1
4,42.8,4,4,0,desktop,1,0
5,54.6,3,2,0,mobile,1,0
7,225.1,1,4,0,desktop,1,1
5,96.4,2,2,0,mobile,0,0
7,99.1,2,3,0,mobile,1,0
4,199.5,3,4,0,mobile,0,0
4,88.1,1,5,0,desktop,1,0
5,174.6,0,0,0,mobile,2,0
6,46.2,1,2,0,mobile,0,0
4,69.0,1,1,0,desktop,1,0
10,269.0,0,2,0,mobile,0,0
4,97.6,3,3,1,mobile,2,0
5,43.8,4,1,0,desktop,0,0
6,42.5,2,1,1,mobile,1,1
2,90.3,1,4,0,mobile,1,0
3,179.3,1,1,0,mobile,1,0
6,5.5,4,1,1,tablet,2,1
7,62.2,1,4,0,mobile,0,0
4,140.0,2,6,1,mobile,1,1
6,115.0,1,4,0,tablet,1,0
6,130.5,3,5,1,mobile,0,1
7,50.6,2,1,0,mobile,2,0
2,105.7,1,4,0,mobile,1,0
7,205.0,2,3,1,mobile,1,1
6,67.4,0,3,0,mobile,2,0
8,101.6,4,3,1,desktop,0,0
3,138.2,1,4,1,mobile,0,1
3,52.1,1,3,0,desktop,1,0
4,29.8,3,2,0,mobile,2,0
3,61.8,1,3,0,mobile,3,0
5,143.6,2,5,0,tablet,1,0
4,53.3,3,0,0,mobile,1,0
6,35.9,3,0,1,mobile,1,1
6,161.1,1,2,0,tablet,2,0
6,42.7,1,4,0,mobile,0,0
8,372.9,0,6,0,desktop,2,1
5,199.1,0,4,0,desktop,0,0
5,269.9,2,0,0,mobile,1,1
4,108.7,3,2,1,desktop,1,0
7,51.4,2,1,0,mobile,0,0
5,209.3,2,5,1,desktop,1,0
6,32.9,2,4,1,desktop,1,0
6,14.5,5,3,0,mobile,0,0
8,130.7,4,2,0,mobile,0,0
4,26.6,2,3,0,tablet,0,0
8,89.9,0,1,0,tablet,0,0
4,85.6,2,4,0,tablet,1,0
7,174.5,2,1,0,desktop,2,1
7,30.9,2,4,0,mobile,3,0
4,22.4,3,3,0,mobile,2,0
6,80.3,3,7,0,desktop,2,0
5,3.9,1,2,0,mobile,1,0
8,123.5,2,3,1,desktop,0,1
7,115.1,2,5,0,desktop,1,0
5,116.7,1,3,0,desktop,1,0
4,79.0,3,2,1,mobile,1,0
5,319.4,0,1,0,desktop,1,1
4,133.7,0,1,0,mobile,1,0
11,161.2,0,2,1,mobile,1,1
5,57.7,0,3,1,desktop,1,1
2,81.4,2,0,0,desktop,0,0
4,44.7,0,6,0,mobile,2,0
5,105.8,5,0,0,tablet,1,0
5,45.4,2,1,1,mobile,1,0
5,164.5,1,5,0,desktop,2,0
6,93.5,0,2,0,desktop,2,0
6,1.7,2,2,0,desktop,0,0
8,41.5,0,2,0,mobile,1,0
6,252.5,4,3,0,mobile,1,1
12,264.7,3,7,0,mobile,1,1
5,146.5,3,4,0,mobile,0,0
4,81.2,1,3,0,mobile,3,0
5,229.5,1,2,1,mobile,2,1
1,86.2,2,1,0,desktop,0,0
7,221.4,1,1,0,mobile,1,0
8,105.2,2,3,1,desktop,0,1
2,74.8,1,10,0,desktop,1,0
6,163.9,1,2,0,desktop,0,0
7,36.6,0,2,0,mobile,0,0
5,45.5,2,3,0,mobile,2,0
4,24.5,3,2,0,desktop,0,0
4,134.7,0,0,1,mobile,1,1
4,90.6,2,8,0,mobile,1,0
5,534.2,1,3,0,tablet,1,1
7,138.3,3,3,0,tablet,1,1
4,72.9,3,4,0,mobile,1,0
5,85.2,0,3,0,desktop,1,0
7,114.8,1,2,0,mobile,0,0
6,57.9,3,2,1,mobile,1,0
8,6.2,2,3,0,mobile,0,0
6,24.7,2,4,0,mobile,0,0
2,64.6,0,1,1,mobile,1,0
9,17.8,1,3,0,mobile,2,0
7,95.7,1,2,0,desktop,0,0
5,197.4,3,4,0,mobile,1,1
11,45.8,1,3,1,desktop,0,0
4,66.3,0,3,1,desktop,1,1
6,84.4,2,5,0,tablet,2,1
7,74.2,3,2,1,desktop,3,1
6,96.5,2,4,0,mobile,0,0
8,10.2,2,1,1,desktop,1,0
7,212.0,2,4,1,mobile,0,1
4,79.1,2,2,0,desktop,1,0
9,41.7,3,2,1,mobile,2,0
7,119.7,3,2,0,desktop,1,0
8,190.2,3,1,0,desktop,3,0
7,35.3,5,3,0,mobile,1,1
5,123.5,1,3,0,desktop,0,0
7,236.9,2,2,1,mobile,0,1
7,238.2,1,4,1,mobile,1,1
5,167.2,1,5,0,desktop,0,0
4,58.9,2,3,0,mobile,0,0
7,37.1,3,3,0,desktop,2,0
3,45.4,5,3,0,mobile,0,0
8,234.4,3,2,1,mobile,0,1
7,146.0,1,1,0,desktop,1,0
3,171.1,4,7,0,mobile,1,1
7,91.0,1,4,0,desktop,3,0
4,11.8,1,1,0,tablet,0,0
6,122.2,2,4,0,desktop,0,0
7,41.6,0,5,0,desktop,1,0
4,201.3,3,5,1,mobile,2,1
7,45.8,2,1,0,desktop,2,0
8,111.8,1,3,1,desktop,0,0
5,149.5,3,2,0,tablet,1,0
4,543.4,2,1,0,mobile,0,1
10,88.5,0,3,0,desktop,2,0
8,91.6,1,4,1,mobile,4,0
7,202.5,3,5,0,mobile,1,0
12,80.1,2,3,0,mobile,0,0
2,66.9,1,4,1,desktop,1,0
8,52.9,2,4,0,mobile,0,0
8,100.7,3,4,0,mobile,0,0
5,60.4,3,2,0,mobile,1,0
5,246.9,1,6,0,mobile,0,0
3,166.5,1,1,0,mobile,1,1
7,107.3,3,3,0,tablet,3,0
6,99.6,4,2,0,desktop,3,0
7,50.1,0,3,1,mobile,0,0
10,90.4,5,2,0,mobile,0,1
7,83.3,6,3,0,tablet,3,0
7,326.7,0,2,1,desktop,3,1
8,79.3,3,5,0,desktop,0,0
7,138.1,0,2,1,mobile,2,1
9,143.9,3,4,1,desktop,1,1
3,40.4,4,3,0,desktop,1,0
6,77.9,1,1,1,desktop,0,0
11,163.5,3,5,0,desktop,0,0
4,35.9,5,2,0,mobile,2,0
7,380.0,3,1,0,tablet,3,1
7,105.4,4,5,1,tablet,2,1
8,59.7,2,2,0,mobile,1,0
4,29.3,2,3,1,tablet,1,0
11,279.1,3,2,0,desktop,1,1
5,82.1,2,2,0,tablet,0,0
6,136.1,4,1,0,tablet,1,1
2,33.8,3,4,0,mobile,0,0
5,52.4,2,3,0,mobile,0,0
5,193.9,2,1,0,mobile,0,0
7,273.8,2,2,1,mobile,1,1
3,44.2,0,4,0,mobile,2,0
6,133.3,1,4,0,mobile,0,0
6,131.7,2,1,0,mobile,0,0
6,193.9,4,7,0,mobile,2,1
8,141.5,0,4,0,mobile,0,0
8,160.1,4,0,1,mobile,3,1
7,11.2,2,7,1,mobile,2,0
5,128.6,2,4,1,desktop,1,1
6,28.3,2,4,0,tablet,0,0
3,120.3,1,3,0,mobile,2,1
5,213.8,1,7,0,desktop,2,1
10,113.6,0,3,0,desktop,1,0
7,162.8,3,5,1,mobile,0,1
5,187.9,2,6,0,desktop,2,1
9,175.8,0,2,0,tablet,1,0
6,120.0,3,6,1,mobile,0,1
9,127.5,2,4,0,mobile,2,0
4,208.1,3,5,0,desktop,1,1
4,424.4,4,1,1,mobile,1,1
4,48.8,2,2,1,mobile,0,0
6,66.0,0,1,0,tablet,2,0
9,177.8,1,3,0,desktop,0,0
10,336.3,4,0,0,mobile,1,1
8,23.3,2,3,0,desktop,3,0
5,28.5,2,3,1,desktop,1,1
7,102.6,3,4,1,mobile,1,1
8,185.8,1,2,1,mobile,4,1
3,103.2,2,4,1,desktop,1,1
4,113.6,2,3,0,mobile,1,0
3,44.7,1,3,1,mobile,1,0
5,96.4,4,5,1,mobile,0,0
6,58.9,0,1,0,tablet,1,0
7,124.4,0,6,0,mobile,2,0
5,82.3,5,6,0,mobile,0,0
1,48.5,1,7,0,desktop,0,0
7,283.8,2,3,0,mobile,2,1
5,162.3,4,0,0,mobile,1,0
4,126.0,2,4,0,mobile,2,0
6,52.3,5,4,0,desktop,2,0
7,161.4,1,1,1,mobile,0,1
5,40.9,1,3,1,mobile,1,0
6,50.3,1,5,0,desktop,0,0
5,96.0,3,5,1,mobile,2,1
5,109.2,2,4,1,desktop,2,0
5,67.1,2,2,1,desktop,0,0
2,22.7,1,2,0,desktop,1,0
7,77.1,2,3,1,mobile,2,1
6,261.8,2,2,1,mobile,0,1
5,14.9,1,4,0,desktop,1,0
7,144.1,2,3,1,mobile,1,0
6,84.4,0,3,0,desktop,1,0
2,29.5,1,3,0,mobile,2,0
4,237.6,1,5,1,mobile,0,0
7,56.5,1,1,0,desktop,0,0
6,297.6,4,0,0,desktop,1,1
3,113.9,1,4,0,desktop,0,1
7,124.5,3,3,0,mobile,0,0
7,80.6,2,4,0,desktop,0,0
5,202.5,2,2,1,mobile,1,1
6,88.1,1,6,0,tablet,0,0
3,210.7,3,0,0,mobile,1,0
10,126.5,2,2,0,desktop,0,0
5,79.0,3,2,0,tablet,3,1
3,18.1,1,7,0,mobile,2,0
2,250.8,2,4,0,mobile,1,0
6,110.1,2,2,1,desktop,2,1
3,60.5,2,3,0,desktop,3,0
9,165.3,2,1,0,mobile,1,1
7,126.1,3,3,1,desktop,5,1
5,126.4,1,3,1,desktop,0,1
4,498.6,3,0,0,mobile,0,1
9,51.2,0,3,0,tablet,1,0
1,170.5,7,1,1,desktop,3,1
5,247.5,4,3,1,mobile,0,0
3,82.3,3,2,0,mobile,2,0
8,49.1,1,2,0,tablet,0,0
3,81.1,1,2,0,mobile,3,0
5,124.5,2,3,1,mobile,2,1
6,221.6,1,2,1,desktop,1,1
8,54.5,1,4,0,mobile,0,0
2,81.4,7,4,0,mobile,2,0
6,169.1,2,5,1,mobile,1,1
7,190.7,2,5,1,mobile,0,0
3,204.4,1,2,0,desktop,0,1
4,25.1,2,4,1,desktop,1,0
2,373.9,3,3,0,desktop,1,1
8,68.2,2,3,0,desktop,1,0
4,366.4,3,4,0,mobile,1,1
7,409.2,1,3,0,mobile,3,1
5,20.3,1,3,0,mobile,3,0
5,165.4,3,2,0,mobile,1,1
10,75.4,2,0,1,desktop,1,0
12,102.9,2,3,0,desktop,3,0
9,191.4,5,3,1,mobile,4,1
8,39.8,2,1,0,mobile,2,0
6,72.0,1,2,1,desktop,1,0
6,161.0,1,5,1,tablet,0,0
9,131.4,3,1,0,desktop,2,0
7,189.8,3,5,1,desktop,3,1
6,69.5,1,1,0,desktop,1,0
7,37.2,1,1,0,desktop,1,0
5,401.2,1,5,1,desktop,1,1
6,51.0,1,3,0,desktop,3,0
5,43.3,2,1,1,mobile,1,1
4,55.0,3,6,0,desktop,0,0
6,116.2,1,0,1,mobile,2,1
8,123.4,4,3,0,mobile,2,0
7,26.2,0,3,0,desktop,1,0
9,46.7,4,5,0,desktop,0,0
7,206.6,2,3,1,mobile,1,0
7,77.7,3,2,1,mobile,0,1
5,128.1,5,6,0,tablet,2,0
4,49.4,2,3,0,desktop,1,0
6,149.9,0,1,0,mobile,1,0
9,47.4,1,2,1,mobile,1,0
7,34.2,1,3,1,desktop,1,1
6,13.1,3,4,0,desktop,1,0
7,99.0,2,2,0,desktop,0,0
10,155.2,0,3,1,mobile,1,0
10,158.1,5,1,0,desktop,0,0
7,113.2,1,3,1,mobile,0,1
5,203.9,2,1,0,desktop,0,1
6,28.8,1,0,1,mobile,1,0
5,30.8,4,2,0,desktop,0,0
4,43.3,4,2,0,desktop,2,0
11,72.9,5,2,0,desktop,0,0
4,96.2,3,7,1,tablet,2,1
8,217.2,0,2,0,tablet,3,1
10,77.9,2,0,0,mobile,1,0
3,165.4,0,4,1,mobile,3,0
8,144.3,3,4,0,mobile,0,0
4,216.4,3,2,1,desktop,0,1
9,136.8,1,4,0,mobile,0,1
9,226.4,3,3,0,tablet,1,1
5,13.5,4,4,0,mobile,1,0
7,79.6,3,3,0,desktop,2,1
5,19.4,1,2,0,tablet,2,0
5,43.2,2,5,0,desktop,1,0
6,40.5,3,3,1,mobile,1,0
6,225.8,2,6,0,mobile,4,1
8,83.8,3,1,0,desktop,1,0
4,372.9,2,4,1,desktop,0,1
4,77.9,2,1,0,desktop,2,0
3,17.8,3,3,0,mobile,0,0
4,72.6,1,3,1,mobile,1,0
4,138.3,4,2,1,mobile,1,1
5,120.3,2,4,1,mobile,0,0
4,99.5,3,4,1,mobile,1,0
7,127.2,2,3,0,desktop,0,0
7,189.3,3,2,0,mobile,0,0
8,7.0,3,5,0,desktop,1,1
9,109.2,3,3,0,tablet,2,1
5,40.1,4,4,0,mobile,2,0
5,152.8,1,3,0,mobile,2,1
6,45.6,2,3,0,mobile,1,0
7,46.6,1,4,0,mobile,1,0
8,28.0,1,2,0,mobile,0,0
11,103.2,2,2,0,mobile,1,0
4,17.6,2,0,1,mobile,3,0
4,27.7,1,2,0,mobile,0,0
5,104.8,1,2,0,tablet,1,0
3,80.3,3,5,0,mobile,2,0
2,79.5,3,4,0,mobile,0,0
5,12.3,2,6,1,mobile,2,0
7,105.2,5,3,0,mobile,2,0
5,112.1,2,5,1,mobile,2,1
7,201.6,1,2,0,mobile,3,0
6,142.6,0,5,1,desktop,1,1
4,38.7,1,1,1,mobile,0,0
6,38.0,5,5,1,mobile,2,0
11,212.8,3,3,0,desktop,1,1
3,190.0,0,3,1,mobile,2,0
9,89.4,0,5,1,mobile,0,0
5,156.7,2,2,1,tablet,2,1
7,175.6,2,2,0,mobile,0,0
3,22.3,0,2,0,desktop,1,0
5,32.4,0,7,0,desktop,1,0
8,68.6,3,3,1,mobile,2,1
7,215.3,4,2,1,mobile,2,1
4,300.1,3,7,0,mobile,1,1
